Workbook

Sheet C1_Transverse
B2: WEAK STOREY CHECK FOR SEISMIC LOAD (LONGITUDINAL DIRECTION):
B3: 240C1MCS
B5: Steel Yield Strength, Fy | C5: = | D5: 350 | E5: MPa
C6: A | D6: B | E6: Total Storey Shear (kN) | F6: Comments
B7: EL 632.100
B8: Column Size | C8: W250x49 | D8: W250x49
B9: Zx = Plastic Moment of Inertia (mm^3) | C9: =VLOOKUP(C8,'W Sections'!$B$4:$U$284,20,FALSE)*10^3 -> 633000 | D9: =VLOOKUP(D8,'W Sections'!$B$4:$U$284,20,FALSE)*10^3 -> 633000
B10: Mc = FyZx (kN-m) | C10: =C9*$D$5/1000^2 -> 221.55 | D10: =D9*$D$5/1000^2 -> 221.55 | T10: M @ Top [EL 138'-4"]
B11: Number of Columns at Joint | C11: 2 | D11: 2 | U11: Mb,top / 2 = | V11: =C15/2 -> 89.775 | W11: =D15/2 -> 89.775 | X11: kN.m
B12: Beam Size | C12: W250x39 | D12: W250x39
B13: Number of Beam at Joint | C13: 1 | D13: 1 | T13: M @ Bot [EL 123'-9"]
B14: Plastic Moment of Inertia (mm^3) | C14: =VLOOKUP(C12,'W Sections'!$B$4:$U$284,20,FALSE)*10^3 -> 513000 | D14: =VLOOKUP(D12,'W Sections'!$B$4:$U$284,20,FALSE)*10^3 -> 513000 | U14: Mb,bot / 2 = | V14: 0 | W14: 0 | X14: kN.m
B15: Mb = FyZx (kN-m) | C15: =C14*$D$5/1000^2 -> 179.55 | D15: =D14*$D$5/1000^2 -> 179.55
B16: Joint Type | C16: =IF(C11*C10>C15*C13,"Strong Column - Weak Beam", "Strong Beam - Weak Column") -> Strong Column - Weak Beam | D16: =IF(D11*D10>D15*D13,"Strong Column - Weak Beam", "Strong Beam - Weak Column") -> Strong Column - Weak Beam | U16: V = [Mtop + Mbot] / h = | V16: =(V11+V14)/C20 -> 173.31081 | W16: =(W11+W14)/D20 -> 173.31081 | X16: kN
B17: Moment at the Base Mf (kN-m) | C17: 0 | D17: 0
B18: Depth of Beam(m) | C18: =VLOOKUP(C12,'W Sections'!$B$4:$U$284,6,FALSE)/1000 -> 0.262 | D18: =VLOOKUP(D12,'W Sections'!$B$4:$U$284,6,FALSE)/1000 -> 0.262 | U18: Story Shear = | V18: =V16+W16 -> 346.62162 | W18: kN
B19: Storey Height (m) | C19: 0.78 | D19: 0.78 | F19: Average Height was considered
B20: Clear Height, h (m) | C20: =C19-C18 -> 0.518 | D20: =D19-D18 -> 0.518
B21: Storey Shear (kN) | C21: =IF(C16="Strong Column - Weak Beam",(C13*C15+C17)/C20,(C10+C17)/C20) -> 346.62162 | D21: =IF(D16="Strong Column - Weak Beam",(D13*D15+D17)/D20,(D10+D17)/D20) -> 346.62162 | E21: =SUM(C21:D21) -> 693.24324
B22: EL 632.760
B23: Column Size | C23: W250x49 | D23: W250x49
B24: Zx = Plastic Moment of Inertia (mm^3) | C24: =VLOOKUP(C23,'W Sections'!$B$4:$U$284,20,FALSE)*10^3 -> 633000 | D24: =VLOOKUP(D23,'W Sections'!$B$4:$U$284,20,FALSE)*10^3 -> 633000
B25: Mc = FyZx (kN-m) | C25: =C24*$D$5/1000^2 -> 221.55 | D25: =D24*$D$5/1000^2 -> 221.55 | T25: M @ Top [EL 138'-4"]
B26: Number of Columns at Joint | C26: 2 | D26: 2 | U26: Mb,top / 2 = | V26: =C30/2 -> 89.775 | W26: =D30/2 -> 89.775 | X26: kN.m
B27: Beam Size | C27: W250x39 | D27: W250x39
B28: Number of Beam at Joint | C28: 1 | D28: 1 | T28: M @ Bot [EL 123'-9"]
B29: Plastic Moment of Inertia (mm^3) | C29: =VLOOKUP(C27,'W Sections'!$B$4:$U$284,20,FALSE)*10^3 -> 513000 | D29: =VLOOKUP(D27,'W Sections'!$B$4:$U$284,20,FALSE)*10^3 -> 513000 | U29: Mb,bot / 2 = | V29: =C15/2 -> 89.775 | W29: =D15/2 -> 89.775 | X29: kN.m
B30: Mb = FyZx (kN-m) | C30: =C29*$D$5/1000^2 -> 179.55 | D30: =D29*$D$5/1000^2 -> 179.55
B31: Joint Type | C31: =IF(C26*C25>C30*C28,"Strong Column - Weak Beam", "Strong Beam - Weak Column") -> Strong Column - Weak Beam | D31: =IF(D26*D25>D30*D28,"Strong Column - Weak Beam", "Strong Beam - Weak Column") -> Strong Column - Weak Beam | U31: V = [Mtop + Mbot] / h = | V31: =(V26+V29)/C35 -> 202.19595 | W31: =(W26+W29)/D35 -> 202.19595 | X31: kN
B32: Moment at the Base Mf (kN-m) | C32: 0 | D32: 0
B33: Depth of Beam(m) | C33: =VLOOKUP(C27,'W Sections'!$B$4:$U$284,6,FALSE)/1000 -> 0.262 | D33: =VLOOKUP(D27,'W Sections'!$B$4:$U$284,6,FALSE)/1000 -> 0.262 | U33: Story Shear = | V33: =V31+W31 -> 404.39189 | W33: kN
B34: Storey Height (m) | C34: 1.15 | D34: 1.15 | F34: Average Height was considered
B35: Clear Height, h (m) | C35: =C34-C33 -> 0.888 | D35: =D34-D33 -> 0.888
B36: Storey Shear (kN) | C36: =IF(C31="Strong Column - Weak Beam",(C28*C30+C32)/C35,(C25+C32)/C35) -> 202.19595 | D36: =IF(D31="Strong Column - Weak Beam",(D28*D30+D32)/D35,(D25+D32)/D35) -> 202.19595 | E36: =SUM(C36:D36) -> 404.39189
B37: EL 634.400
B38: Column Size | C38: W250x49 | D38: W250x49
B39: Zx = Plastic Moment of Inertia (mm^3) | C39: =VLOOKUP(C38,'W Sections'!$B$4:$U$284,20,FALSE)*10^3 -> 633000 | D39: =VLOOKUP(D38,'W Sections'!$B$4:$U$284,20,FALSE)*10^3 -> 633000
B40: Mc = FyZx (kN-m) | C40: =C39*$D$5/1000^2 -> 221.55 | D40: =D39*$D$5/1000^2 -> 221.55
B41: Number of Columns at Joint | C41: 2 | D41: 2
B42: Beam Size | C42: W250x39 | D42: W250x39
B43: Number of Beam at Joint | C43: 1 | D43: 1
B44: Plastic Moment of Inertia (mm^3) | C44: =VLOOKUP(C42,'W Sections'!$B$4:$U$284,20,FALSE)*10^3 -> 513000 | D44: =VLOOKUP(D42,'W Sections'!$B$4:$U$284,20,FALSE)*10^3 -> 513000
B45: Mb = FyZx (kN-m) | C45: =C44*$D$5/1000^2 -> 179.55 | D45: =D44*$D$5/1000^2 -> 179.55
B46: Joint Type | C46: =IF(C41*C40>C45*C43,"Strong Column - Weak Beam", "Strong Beam - Weak Column") -> Strong Column - Weak Beam | D46: =IF(D41*D40>D45*D43,"Strong Column - Weak Beam", "Strong Beam - Weak Column") -> Strong Column - Weak Beam
B47: Moment at the Base Mf (kN-m) | C47: 0 | D47: 0
B48: Depth of Beam(m) | C48: =VLOOKUP(C42,'W Sections'!$B$4:$U$284,6,FALSE)/1000 -> 0.262 | D48: =VLOOKUP(D42,'W Sections'!$B$4:$U$284,6,FALSE)/1000 -> 0.262
B49: Storey Height (m) | C49: =4.29/2 -> 2.145 | D49: =4.29/2 -> 2.145 | F49: Average Height was considered
B50: Clear Height, h (m) | C50: =C49-C48 -> 1.883 | D50: =D49-D48 -> 1.883
B51: Storey Shear (kN) | C51: =IF(C46="Strong Column - Weak Beam",(C43*C45+C47)/C50,(C40+C47)/C50) -> 95.35316 | D51: =IF(D46="Strong Column - Weak Beam",(D43*D45+D47)/D50,(D40+D47)/D50) -> 95.35316 | E51: =SUM(C51:D51) -> 190.70632
B52: EL 637.050
B53: Column Size | C53: W250x49 | D53: W250x49
B54: Zx = Plastic Moment of Inertia (mm^3) | C54: =VLOOKUP(C53,'W Sections'!$B$4:$U$284,20,FALSE)*10^3 -> 633000 | D54: =VLOOKUP(D53,'W Sections'!$B$4:$U$284,20,FALSE)*10^3 -> 633000
B55: Mc = FyZx (kN-m) | C55: =C54*$D$5/1000^2 -> 221.55 | D55: =D54*$D$5/1000^2 -> 221.55 | T55: M @ Top [EL 138'-4"]
B56: Number of Columns at Joint | C56: 2 | D56: 2 | U56: Mb,top / 2 = | V56: =C60/2 -> 89.775 | W56: =D60/2 -> 89.775 | X56: kN.m
B57: Beam Size | C57: W250x39 | D57: W250x39
B58: Number of Beam at Joint | C58: 1 | D58: 1 | T58: M @ Bot [EL 123'-9"]
B59: Plastic Moment of Inertia (mm^3) | C59: =VLOOKUP(C57,'W Sections'!$B$4:$U$284,20,FALSE)*10^3 -> 513000 | D59: =VLOOKUP(D57,'W Sections'!$B$4:$U$284,20,FALSE)*10^3 -> 513000 | U59: Mb,bot / 2 = | V59: =C30/2 -> 89.775 | W59: =D30/2 -> 89.775 | X59: kN.m
B60: Mb = FyZx (kN-m) | C60: =C59*$D$5/1000^2 -> 179.55 | D60: =D59*$D$5/1000^2 -> 179.55
B61: Joint Type | C61: =IF(C56*C55>C60*C58,"Strong Column - Weak Beam", "Strong Beam - Weak Column") -> Strong Column - Weak Beam | D61: =IF(D56*D55>D60*D58,"Strong Column - Weak Beam", "Strong Beam - Weak Column") -> Strong Column - Weak Beam | U61: V = [Mtop + Mbot] / h = | V61: =(V56+V59)/C65 -> 81.134207 | W61: =(W56+W59)/D65 -> 81.134207 | X61: kN
B62: Moment at the Base Mf (kN-m) | C62: 0 | D62: 0
B63: Depth of Beam(m) | C63: =VLOOKUP(C57,'W Sections'!$B$4:$U$284,6,FALSE)/1000 -> 0.262 | D63: =VLOOKUP(D57,'W Sections'!$B$4:$U$284,6,FALSE)/1000 -> 0.262 | U63: Story Shear = | V63: =V61+W61 -> 162.26841 | W63: kN
B64: Storey Height (m) | C64: =4.95/2 -> 2.475 | D64: =4.95/2 -> 2.475 | F64: Average Height was considered
B65: Clear Height, h (m) | C65: =C64-C63 -> 2.213 | D65: =D64-D63 -> 2.213
B66: Storey Shear (kN) | C66: =IF(C61="Strong Column - Weak Beam",(C58*C60+C62)/C65,(C55+C62)/C65) -> 81.134207 | D66: =IF(D61="Strong Column - Weak Beam",(D58*D60+D62)/D65,(D55+D62)/D65) -> 81.134207 | E66: =SUM(C66:D66) -> 162.26841
B67: EL 639.350 | T67: =2300/2+1400 -> 2550
B68: Column Size | C68: W250x49 | D68: W250x49
B69: Zx = Plastic Moment of Inertia (mm^3) | C69: =VLOOKUP(C68,'W Sections'!$B$4:$U$284,20,FALSE)*10^3 -> 633000 | D69: =VLOOKUP(D68,'W Sections'!$B$4:$U$284,20,FALSE)*10^3 -> 633000
B70: Mc = FyZx (kN-m) | C70: =C69*$D$5/1000^2 -> 221.55 | D70: =D69*$D$5/1000^2 -> 221.55 | T70: M @ Top [EL 138'-4"]
B71: Number of Columns at Joint | C71: 2 | D71: 2 | U71: Mb,top / 2 = | V71: =C75/2 -> 89.775 | W71: =D75/2 -> 89.775 | X71: kN.m
B72: Beam Size | C72: W250x39 | D72: W250x39
B73: Number of Beam at Joint | C73: 1 | D73: 1 | T73: M @ Bot [EL 123'-9"]
B74: Plastic Moment of Inertia (mm^3) | C74: =VLOOKUP(C72,'W Sections'!$B$4:$U$284,20,FALSE)*10^3 -> 513000 | D74: =VLOOKUP(D72,'W Sections'!$B$4:$U$284,20,FALSE)*10^3 -> 513000 | U74: Mb,bot / 2 = | V74: =C60/2 -> 89.775 | W74: =D60/2 -> 89.775 | X74: kN.m
B75: Mb = FyZx (kN-m) | C75: =C74*$D$5/1000^2 -> 179.55 | D75: =D74*$D$5/1000^2 -> 179.55
B76: Joint Type | C76: =IF(C71*C70>C75*C73,"Strong Column - Weak Beam", "Strong Beam - Weak Column") -> Strong Column - Weak Beam | D76: =IF(D71*D70>D75*D73,"Strong Column - Weak Beam", "Strong Beam - Weak Column") -> Strong Column - Weak Beam | U76: V = [Mtop + Mbot] / h = | V76: =(V71+V74)/C80 -> 78.47465 | W76: =(W71+W74)/D80 -> 78.47465 | X76: kN
B77: Moment at the Base Mf (kN-m) | C77: 0 | D77: 0
B78: Depth of Beam(m) | C78: =VLOOKUP(C72,'W Sections'!$B$4:$U$284,6,FALSE)/1000 -> 0.262 | D78: =VLOOKUP(D72,'W Sections'!$B$4:$U$284,6,FALSE)/1000 -> 0.262 | U78: Story Shear = | V78: =V76+W76 -> 156.9493 | W78: kN
B79: Storey Height (m) | C79: 2.55 | D79: 2.55 | F79: Height to top of structure used
B80: Clear Height, h (m) | C80: =C79-C78 -> 2.288 | D80: =D79-D78 -> 2.288
B81: Storey Shear (kN) | C81: =IF(C76="Strong Column - Weak Beam",(C73*C75+C77)/C80,(C70+C77)/C80) -> 78.47465 | D81: =IF(D76="Strong Column - Weak Beam",(D73*D75+D77)/D80,(D70+D77)/D80) -> 78.47465 | E81: =SUM(C81:D81) -> 156.9493
B82: =IF(E21<E36,"Weak Storey",IF(E36<E66, "Weak Storey",IF(E66<E81," Weak Storey","Weak Storey Does Not Exist"))) -> Weak Storey Does Not Exist

Sheet C1_Longitudinal
B2: WEAK STOREY CHECK FOR SEISMIC LOAD (TRANSVERSE DIRECTION):
B3: 240C1MCS
B5: Steel Yield Strength, Fy | C5: = | D5: 345 | E5: Mpa | F5: Modulus of Elasticity, E | G5: = | H5: 200000 | I5: MPa | K5: n = | L5: 1.34
B6: EL | C6: Bracing Size | D6: Bracing Length (m) | E6: Gross Area (mm^2) | F6: min. Radius of Gyration (mm) | G6: Slenderness Ratio | H6: Fe (MPa) | I6: λ | J6: Bracing Compression Capacity (kN)* | K6: Angle (degree) | L6: Horizontal Component (kN) | M6: Bracing Tension Capacity (kN) | N6: Horizontal Component (kN) | O6: Number of Compression Bracing | P6: Number of Tension Bracing | Q6: Storey Shear Strength (kN)
B7: 634.4 | C7: 2L102x76x13 | D7: 3.397 | E7: =VLOOKUP(C7,'2L'!$B$4:$Y$284,14,FALSE) -> 4200 | F7: =MIN(VLOOKUP(C7,'2L'!$B$4:$T$284,17,FALSE),VLOOKUP(C7,'2L'!$B$4:$X$284,21,FALSE)) -> 21.9 | G7: =1*D7*1000/F7 -> 155.11416 | H7: =3.14^2*$H$5/G7^2 -> 81.957071 | I7: =SQRT($D$5/H7) -> 2.0517117 | J7: 514 | K7: 42.614 | L7: =J7*COS(K7*3.14/180) -> 378.40007 | M7: =0.9*$D$5*E7/1000 -> 1304.1 | N7: =M7*COS(K7*3.14/180) -> 960.06134 | O7: 1 | P7: 0 | Q7: =L7*O7+N7*P7 -> 378.40007
B8: 637.05 | C8: 2L102x76x9.5 | D8: 3.643 | E8: =VLOOKUP(C8,'2L'!$B$4:$Y$284,14,FALSE) -> 3210 | F8: =MIN(VLOOKUP(C8,'2L'!$B$4:$T$284,17,FALSE),VLOOKUP(C8,'2L'!$B$4:$X$284,21,FALSE)) -> 22.3 | G8: =1*D8*1000/F8 -> 163.36323 | H8: =3.14^2*$H$5/G8^2 -> 73.889151 | I8: =SQRT($D$5/H8) -> 2.1608231 | J8: 360.98 | K8: 46.668 | L8: =J8*COS(K8*3.14/180) -> 247.8218 | M8: =0.9*$D$5*E8/1000 -> 996.705 | N8: =M8*COS(K8*3.14/180) -> 684.26291 | O8: 1 | P8: 0 | Q8: =L8*O8+N8*P8 -> 247.8218
B9: 639.35 | C9: 2L76x76x9.5 | D9: 3.397 | E9: =VLOOKUP(C9,'2L'!$B$4:$Y$284,14,FALSE) -> 2720 | F9: =MIN(VLOOKUP(C9,'2L'!$B$4:$T$284,17,FALSE),VLOOKUP(C9,'2L'!$B$4:$X$284,21,FALSE)) -> 23.2 | G9: =1*D9*1000/F9 -> 146.42241 | H9: =3.14^2*$H$5/G9^2 -> 91.975926 | I9: =SQRT($D$5/H9) -> 1.9367451 | J9: 202.536 | K9: 42.614 | L9: =J9*COS(K9*3.14/180) -> 149.10435 | M9: =0.9*$D$5*E9/1000 -> 844.56 | N9: =M9*COS(K9*3.14/180) -> 621.75401 | O9: 1 | P9: 0 | Q9: =L9*O9+N9*P9 -> 149.10435
B10: 640.75 | C10: 2L76x51x6.4 | D10: 2.806 | E10: =VLOOKUP(C10,'2L'!$B$4:$Y$284,14,FALSE) -> 1530 | F10: =MIN(VLOOKUP(C10,'2L'!$B$4:$T$284,17,FALSE),VLOOKUP(C10,'2L'!$B$4:$X$284,21,FALSE)) -> 14.6 | G10: =1*D10*1000/F10 -> 192.19178 | H10: =3.14^2*$H$5/G10^2 -> 53.385052 | I10: =SQRT($D$5/H10) -> 2.5421415 | J10: 168 | K10: 27.02 | L10: =J10*COS(K10*3.14/180) -> 149.68071 | M10: =0.9*$D$5*E10/1000 -> 475.065 | N10: =M10*COS(K10*3.14/180) -> 423.26229 | O10: 1 | P10: 0 | Q10: =L10*O10+N10*P10 -> 149.68071
O11: =IF(Q7<Q8,"Weak Storey",IF(Q8<Q9, "Weak Storey",IF(Q9<Q10," Weak Storey","Weak Storey Not Exist"))) -> Weak Storey
B12: *Bracing compression capacity is taken from Double-Angle Struts Compression Capacity Tables in CISC Handbook of Steel Construction. Values are interpolated for brace length.
B13: *Compression values are based on 345 MPa as per CISC design tables. Actual values will be lower as 300 MPa is spec'd, but only relative strength difference matters in this check
M17: The top elevations are nearly identical in weak story strength. The minor deviation of +/- 1 kN is acceptable by engineering judgement. OK.

Sheet D1_Transverse
B2: WEAK STOREY CHECK FOR SEISMIC LOAD (LONGITUDINAL DIRECTION):
B3: 240D1MCS
B5: Steel Yield Strength, Fy | C5: = | D5: 350 | E5: MPa
C6: A | D6: B | E6: Total Storey Shear (kN) | F6: Comments
B7: EL 633.065
B8: Column Size | C8: W250x58 | D8: W250x58
B9: Zx = Plastic Moment of Inertia (mm^3) | C9: =VLOOKUP(C8,'W Sections'!$B$4:$U$284,20,FALSE)*10^3 -> 770000 | D9: =VLOOKUP(D8,'W Sections'!$B$4:$U$284,20,FALSE)*10^3 -> 770000
B10: Mc = FyZx (kN-m) | C10: =C9*$D$5/1000^2 -> 269.5 | D10: =D9*$D$5/1000^2 -> 269.5 | T10: M @ Top [EL 138'-4"]
B11: Number of Columns at Joint | C11: 2 | D11: 2 | U11: Mb,top / 2 = | V11: =C15/2 -> 89.775 | W11: =D15/2 -> 89.775 | X11: kN.m
B12: Beam Size | C12: W250x39 | D12: W250x39
B13: Number of Beam at Joint | C13: 1 | D13: 1 | T13: M @ Bot [EL 123'-9"]
B14: Plastic Moment of Inertia (mm^3) | C14: =VLOOKUP(C12,'W Sections'!$B$4:$U$284,20,FALSE)*10^3 -> 513000 | D14: =VLOOKUP(D12,'W Sections'!$B$4:$U$284,20,FALSE)*10^3 -> 513000 | U14: Mb,bot / 2 = | V14: 0 | W14: 0 | X14: kN.m
B15: Mb = FyZx (kN-m) | C15: =C14*$D$5/1000^2 -> 179.55 | D15: =D14*$D$5/1000^2 -> 179.55
B16: Joint Type | C16: =IF(C11*C10>C15*C13,"Strong Column - Weak Beam", "Strong Beam - Weak Column") -> Strong Column - Weak Beam | D16: =IF(D11*D10>D15*D13,"Strong Column - Weak Beam", "Strong Beam - Weak Column") -> Strong Column - Weak Beam | U16: V = [Mtop + Mbot] / h = | V16: =(V11+V14)/C20 -> 47.362174 | W16: =(W11+W14)/D20 -> 47.362174 | X16: kN
B17: Moment at the Base Mf (kN-m) | C17: 0 | D17: 0
B18: Depth of Beam(m) | C18: =VLOOKUP(C12,'W Sections'!$B$4:$U$284,6,FALSE)/1000 -> 0.262 | D18: =VLOOKUP(D12,'W Sections'!$B$4:$U$284,6,FALSE)/1000 -> 0.262 | U18: Story Shear = | V18: =V16+W16 -> 94.724347 | W18: kN
B19: Storey Height (m) | C19: 2.1575 | D19: 2.1575 | F19: Average Height was considered
B20: Clear Height, h (m) | C20: =C19-C18 -> 1.8955 | D20: =D19-D18 -> 1.8955
B21: Storey Shear (kN) | C21: =IF(C16="Strong Column - Weak Beam",(C13*C15+C17)/C20,(C10+C17)/C20) -> 94.724347 | D21: =IF(D16="Strong Column - Weak Beam",(D13*D15+D17)/D20,(D10+D17)/D20) -> 94.724347 | E21: =SUM(C21:D21) -> 189.44869
B22: EL 634.750
B23: Column Size | C23: W250x58 | D23: W250x58
B24: Zx = Plastic Moment of Inertia (mm^3) | C24: =VLOOKUP(C23,'W Sections'!$B$4:$U$284,20,FALSE)*10^3 -> 770000 | D24: =VLOOKUP(D23,'W Sections'!$B$4:$U$284,20,FALSE)*10^3 -> 770000
B25: Mc = FyZx (kN-m) | C25: =C24*$D$5/1000^2 -> 269.5 | D25: =D24*$D$5/1000^2 -> 269.5 | T25: M @ Top [EL 138'-4"]
B26: Number of Columns at Joint | C26: 2 | D26: 2 | U26: Mb,top / 2 = | V26: =C30/2 -> 89.775 | W26: =D30/2 -> 89.775 | X26: kN.m
B27: Beam Size | C27: W250x39 | D27: W250x39
B28: Number of Beam at Joint | C28: 1 | D28: 1 | T28: M @ Bot [EL 123'-9"]
B29: Plastic Moment of Inertia (mm^3) | C29: =VLOOKUP(C27,'W Sections'!$B$4:$U$284,20,FALSE)*10^3 -> 513000 | D29: =VLOOKUP(D27,'W Sections'!$B$4:$U$284,20,FALSE)*10^3 -> 513000 | U29: Mb,bot / 2 = | V29: =C15/2 -> 89.775 | W29: =D15/2 -> 89.775 | X29: kN.m
B30: Mb = FyZx (kN-m) | C30: =C29*$D$5/1000^2 -> 179.55 | D30: =D29*$D$5/1000^2 -> 179.55
B31: Joint Type | C31: =IF(C26*C25>C30*C28,"Strong Column - Weak Beam", "Strong Beam - Weak Column") -> Strong Column - Weak Beam | D31: =IF(D26*D25>D30*D28,"Strong Column - Weak Beam", "Strong Beam - Weak Column") -> Strong Column - Weak Beam | U31: V = [Mtop + Mbot] / h = | V31: =(V26+V29)/C35 -> 73.121564 | W31: =(W26+W29)/D35 -> 73.121564 | X31: kN
B32: Moment at the Base Mf (kN-m) | C32: 0 | D32: 0
B33: Depth of Beam(m) | C33: =VLOOKUP(C27,'W Sections'!$B$4:$U$284,6,FALSE)/1000 -> 0.262 | D33: =VLOOKUP(D27,'W Sections'!$B$4:$U$284,6,FALSE)/1000 -> 0.262 | U33: Story Shear = | V33: =V31+W31 -> 146.24313 | W33: kN
B34: Storey Height (m) | C34: =5.435/2 -> 2.7175 | D34: =5.435/2 -> 2.7175 | F34: Average Height was considered
B35: Clear Height, h (m) | C35: =C34-C33 -> 2.4555 | D35: =D34-D33 -> 2.4555
B36: Storey Shear (kN) | C36: =IF(C31="Strong Column - Weak Beam",(C28*C30+C32)/C35,(C25+C32)/C35) -> 73.121564 | D36: =IF(D31="Strong Column - Weak Beam",(D28*D30+D32)/D35,(D25+D32)/D35) -> 73.121564 | E36: =SUM(C36:D36) -> 146.24313
B37: EL 638.500
B38: Column Size | C38: W250x58 | D38: W250x58
B39: Zx = Plastic Moment of Inertia (mm^3) | C39: =VLOOKUP(C38,'W Sections'!$B$4:$U$284,20,FALSE)*10^3 -> 770000 | D39: =VLOOKUP(D38,'W Sections'!$B$4:$U$284,20,FALSE)*10^3 -> 770000
B40: Mc = FyZx (kN-m) | C40: =C39*$D$5/1000^2 -> 269.5 | D40: =D39*$D$5/1000^2 -> 269.5 | T40: M @ Top [EL 138'-4"]
B41: Number of Columns at Joint | C41: 2 | D41: 2 | U41: Mb,top / 2 = | V41: =C45/2 -> 89.775 | W41: =D45/2 -> 89.775 | X41: kN.m
B42: Beam Size | C42: W250x39 | D42: W250x39
B43: Number of Beam at Joint | C43: 1 | D43: 1 | T43: M @ Bot [EL 123'-9"]
B44: Plastic Moment of Inertia (mm^3) | C44: =VLOOKUP(C42,'W Sections'!$B$4:$U$284,20,FALSE)*10^3 -> 513000 | D44: =VLOOKUP(D42,'W Sections'!$B$4:$U$284,20,FALSE)*10^3 -> 513000 | U44: Mb,bot / 2 = | V44: =C30/2 -> 89.775 | W44: =D30/2 -> 89.775 | X44: kN.m
B45: Mb = FyZx (kN-m) | C45: =C44*$D$5/1000^2 -> 179.55 | D45: =D44*$D$5/1000^2 -> 179.55
B46: Joint Type | C46: =IF(C41*C40>C45*C43,"Strong Column - Weak Beam", "Strong Beam - Weak Column") -> Strong Column - Weak Beam | D46: =IF(D41*D40>D45*D43,"Strong Column - Weak Beam", "Strong Beam - Weak Column") -> Strong Column - Weak Beam | U46: V = [Mtop + Mbot] / h = | V46: =(V41+V44)/C50 -> 49.695544 | W46: =(W41+W44)/D50 -> 49.695544 | X46: kN
B47: Moment at the Base Mf (kN-m) | C47: 0 | D47: 0
B48: Depth of Beam(m) | C48: =VLOOKUP(C42,'W Sections'!$B$4:$U$284,6,FALSE)/1000 -> 0.262 | D48: =VLOOKUP(D42,'W Sections'!$B$4:$U$284,6,FALSE)/1000 -> 0.262 | U48: Story Shear = | V48: =V46+W46 -> 99.391088 | W48: kN
B49: Storey Height (m) | C49: 3.875 | D49: 3.875 | F49: Average Height was considered
B50: Clear Height, h (m) | C50: =C49-C48 -> 3.613 | D50: =D49-D48 -> 3.613
B51: Storey Shear (kN) | C51: =IF(C46="Strong Column - Weak Beam",(C43*C45+C47)/C50,(C40+C47)/C50) -> 49.695544 | D51: =IF(D46="Strong Column - Weak Beam",(D43*D45+D47)/D50,(D40+D47)/D50) -> 49.695544 | E51: =SUM(C51:D51) -> 99.391088
B52: =IF(E21<E36,"Weak Storey",IF(E36<E51,"Weak Storey","Weak Storey Does Not Exist")) -> Weak Storey Does Not Exist

Sheet D1_Longitudinal
B2: WEAK STOREY CHECK FOR SEISMIC LOAD (TRANSVERSE DIRECTION):
B3: 240C1MCS
B5: Steel Yield Strength, Fy | C5: = | D5: 345 | E5: Mpa | F5: Modulus of Elasticity, E | G5: = | H5: 200000 | I5: MPa | K5: n = | L5: 1.34
B6: EL | C6: Bracing Size | D6: Bracing Length (m) | E6: Gross Area (mm^2) | F6: min. Radius of Gyration (mm) | G6: Slenderness Ratio | H6: Fe (Mpa) | I6: λ | J6: Bracing Compression Capacity (kN)* | K6: Angle (degree) | L6: Horizontal Component (kN) | M6: Bracing Tension Capacity (kN) | N6: Horizontal Component (kN) | O6: Number of Compression Bracing | P6: Number of Tension Bracing | Q6: Storey Shear Strength (kN)
B7: 634.55 | C7: 2L102x76x13 | D7: 2.696 | E7: =VLOOKUP(C7,'2L'!$B$4:$Y$284,14,FALSE) -> 4200 | F7: =MIN(VLOOKUP(C7,'2L'!$B$4:$T$284,17,FALSE),VLOOKUP(C7,'2L'!$B$4:$X$284,21,FALSE)) -> 21.9 | G7: =1*D7*1000/F7 -> 123.10502 | H7: =3.14^2*$H$5/G7^2 -> 130.11811 | I7: =SQRT($D$5/H7) -> 1.6283234 | J7: 695 | K7: 56.192 | L7: =J7*COS(K7*3.14/180) -> 386.99316 | M7: =0.9*$D$5*E7/1000 -> 1304.1 | N7: =M7*COS(K7*3.14/180) -> 726.15508 | O7: 1 | P7: 1 | Q7: =L7*O7+N7*P7 -> 1113.1482
B8: 636.45 | C8: 2L76x76x9.5 | D8: 2.421 | E8: =VLOOKUP(C8,'2L'!$B$4:$Y$284,14,FALSE) -> 2720 | F8: =MIN(VLOOKUP(C8,'2L'!$B$4:$T$284,17,FALSE),VLOOKUP(C8,'2L'!$B$4:$X$284,21,FALSE)) -> 23.2 | G8: =1*D8*1000/F8 -> 104.35345 | H8: =3.14^2*$H$5/G8^2 -> 181.08217 | I8: =SQRT($D$5/H8) -> 1.3802943 | J8: 344.696 | K8: 51.71 | L8: =J8*COS(K8*3.14/180) -> 213.7119 | M8: =0.9*$D$5*E8/1000 -> 844.56 | N8: =M8*COS(K8*3.14/180) -> 523.62813 | O8: 1 | P8: 1 | Q8: =L8*O8+N8*P8 -> 737.34003
B9: 638.5 | C9: 2L76x76x9.5 | D9: 2.54 | E9: =VLOOKUP(C9,'2L'!$B$4:$Y$284,14,FALSE) -> 2720 | F9: =MIN(VLOOKUP(C9,'2L'!$B$4:$T$284,17,FALSE),VLOOKUP(C9,'2L'!$B$4:$X$284,21,FALSE)) -> 23.2 | G9: =1*D9*1000/F9 -> 109.48276 | H9: =3.14^2*$H$5/G9^2 -> 164.51209 | I9: =SQRT($D$5/H9) -> 1.4481403 | J9: 320.6 | K9: 53.807 | L9: =J9*COS(K9*3.14/180) -> 189.43973 | M9: =0.9*$D$5*E9/1000 -> 844.56 | N9: =M9*COS(K9*3.14/180) -> 499.04309 | O9: 1 | P9: 1 | Q9: =L9*O9+N9*P9 -> 688.48282
B10: 640.4 | C10: 2L76x51x6.4 | D10: 2.324 | E10: =VLOOKUP(C10,'2L'!$B$4:$Y$284,14,FALSE) -> 1530 | F10: =MIN(VLOOKUP(C10,'2L'!$B$4:$T$284,17,FALSE),VLOOKUP(C10,'2L'!$B$4:$X$284,21,FALSE)) -> 14.6 | G10: =1*D10*1000/F10 -> 159.17808 | H10: =3.14^2*$H$5/G10^2 -> 77.82565 | I10: =SQRT($D$5/H10) -> 2.1054657 | J10: 219.5 | K10: 49.8 | L10: =J10*COS(K10*3.14/180) -> 141.75182 | M10: =0.9*$D$5*E10/1000 -> 475.065 | N10: =M10*COS(K10*3.14/180) -> 306.79421 | O10: 1 | P10: 1 | Q10: =L10*O10+N10*P10 -> 448.54603
O11: =IF(Q7<Q8,"Weak Storey",IF(Q8<Q9, "Weak Storey",IF(Q9<Q10," Weak Storey","Weak Storey Not Exist"))) -> Weak Storey Not Exist
B12: *Bracing compression capacity is taken from Double-Angle Struts Compression Capacity Tables in CISC Handbook of Steel Construction. Values are interpolated for brace length.
B13: *Compression values are based on 345 MPa as per CISC design tables. Actual values will be lower as 300 MPa is spec'd, but only relative strength difference matters in this check

Sheet W Sections
A1: Prp | B1: Dsg | C1: Avl | D1: Shp | E1: Grp | F1: Use | G1: D | H1: B | I1: T | J1: W | K1: BT | L1: HW | M1: K | N1: K1 | O1: Dnom | P1: Mass | Q1: A | R1: Ix | S1: Sx | T1: Rx | U1: Zx | V1: Iy | W1: Sy | X1: Ry | Y1: Zy | Z1: J | AA1: Cw | AB1: Wn | AC1: Sw | AD1: Qf | AE1: Qw | AF1: SA | AG1: Ds_i | AH1: Dn_i | AI1: Wt_i
R2: 10^6 | S2: 10^3 | U2: 10^3 | V2: 10^6 | W2: 10^3 | Y2: 10^3 | Z2: 10^3 | AA2: 10^9 | AC2: 10^6 | AD2: 10^3 | AE2: 10^3
A3: W: Wide-Flange Shapes | G3: mm | H3: mm | I3: mm | J3: mm | M3: mm | N3: mm | O3: mm | P3: kg/m | Q3: mm^2 | R3: mm^4 | S3: mm^3 | T3: mm | U3: mm^3 | V3: mm^4 | W3: mm^3 | X3: mm | Y3: mm^3 | Z3: mm^4 | AA3: mm^6 | AB3: mm^2 | AC3: mm^4 | AD3: mm^3 | AE3: mm^3 | AF3: m | AH3: in | AI3: lb/ft
A4: * | B4: W1100x499 | C4: * | D4: 1 | F4: 3 | G4: 1118 | H4: 405 | I4: 45 | J4: 25.9 | K4: 4.5 | L4: 39.7 | M4: 67 | N4: 33 | O4: 1100 | P4: 499 | Q4: 63400 | R4: 12900 | S4: 23100 | T4: 452 | U4: 26600 | V4: 500 | W4: 2470 | X4: 88.8 | Y4: 3870 | Z4: 31000 | AA4: 144000 | AB4: 109000 | AC4: 495 | AD4: 4580 | AE4: 13200 | AF4: 3.8 | AG4: W44x335 | AH4: 44 | AI4: 335
B5: W1100x433 | C5: * | D5: 1 | F5: 3 | G5: 1108 | H5: 402 | I5: 40.1 | J5: 22.1 | K5: 5.01 | L5: 46.5 | M5: 62 | N5: 31 | O5: 1100 | P5: 433 | Q5: 55300 | R5: 11300 | S5: 20400 | T5: 452 | U5: 23200 | V5: 435 | W5: 2170 | X5: 88.7 | Y5: 3370 | Z5: 21400 | AA5: 124000 | AB5: 107000 | AC5: 433 | AD5: 4070 | AE5: 11500 | AF5: 3.78 | AG5: W44x290 | AH5: 44 | AI5: 290
B6: W1100x390 | C6: * | D6: 1 | F6: 3 | G6: 1100 | H6: 400 | I6: 36.1 | J6: 20.1 | K6: 5.54 | L6: 51.1 | M6: 58 | N6: 30 | O6: 1100 | P6: 390 | Q6: 49900 | R6: 10100 | S6: 18300 | T6: 450 | U6: 20800 | V6: 386 | W6: 1930 | X6: 87.9 | Y6: 3000 | Z6: 15700 | AA6: 109000 | AB6: 106000 | AC6: 384 | AD6: 3650 | AE6: 10300 | AF6: 3.76 | AG6: W44x262 | AH6: 44 | AI6: 262
B7: W1100x343 | C7: * | D7: 1 | F7: 3 | G7: 1090 | H7: 400 | I7: 31 | J7: 18 | K7: 6.45 | L7: 57.1 | M7: 53 | N7: 29 | O7: 1100 | P7: 343 | Q7: 43600 | R7: 8670 | S7: 15900 | T7: 446 | U7: 18100 | V7: 331 | W7: 1660 | X7: 87.1 | Y7: 2570 | Z7: 10300 | AA7: 92900 | AB7: 106000 | AC7: 328 | AD7: 3140 | AE7: 8940 | AF7: 3.74 | AG7: W44x230 | AH7: 44 | AI7: 230
A8: * | B8: W1000x883 | C8: * | D8: 1 | F8: 3 | G8: 1092 | H8: 424 | I8: 82 | J8: 45.5 | K8: 2.59 | L8: 20.4 | M8: 114 | N8: 53 | O8: 1000 | P8: 883 | Q8: 113000 | R8: 21000 | S8: 38400 | T8: 432 | U8: 45300 | V8: 1050 | W8: 4950 | X8: 96.6 | Y8: 7870 | Z8: 185000 | AA8: 268000 | AB8: 107000 | AC8: 931 | AD8: 7840 | AE8: 22500 | AF8: 3.79 | AG8: W40x593 | AH8: 40 | AI8: 593
B9: W1000x748 | C9: * | D9: 1 | F9: 3 | G9: 1068 | H9: 417 | I9: 70.1 | J9: 39.1 | K9: 2.97 | L9: 23.7 | M9: 102 | N9: 50 | O9: 1000 | P9: 748 | Q9: 95500 | R9: 17300 | S9: 32500 | T9: 426 | U9: 37900 | V9: 852 | W9: 4090 | X9: 94.5 | Y9: 6470 | Z9: 116000 | AA9: 212000 | AB9: 104000 | AC9: 760 | AD9: 6610 | AE9: 18800 | AF9: 3.73 | AG9: W40x503 | AH9: 40 | AI9: 503
B10: W1000x642 | C10: * | D10: 1 | F10: 3 | G10: 1048 | H10: 412 | I10: 59.9 | J10: 34 | K10: 3.44 | L10: 27.3 | M10: 91 | N10: 47 | O10: 1000 | P10: 642 | Q10: 81700 | R10: 14500 | S10: 27700 | T10: 421 | U10: 32100 | V10: 702 | W10: 3410 | X10: 92.7 | Y10: 5370 | Z10: 73500 | AA10: 171000 | AB10: 102000 | AC10: 628 | AD10: 5590 | AE10: 15900 | AF10: 3.68 | AG10: W40x431 | AH10: 40 | AI10: 431
B11: W1000x591 | C11: * | D11: 1 | F11: 3 | G11: 1040 | H11: 409 | I11: 55.9 | J11: 31 | K11: 3.66 | L11: 29.9 | M11: 87 | N11: 46 | O11: 1000 | P11: 591 | Q11: 75300 | R11: 13300 | S11: 25600 | T11: 421 | U11: 29500 | V11: 640 | W11: 3130 | X11: 92.2 | Y11: 4920 | Z11: 59000 | AA11: 155000 | AB11: 101000 | AC11: 575 | AD11: 5200 | AE11: 14600 | AF11: 3.65 | AG11: W40x397 | AH11: 40 | AI11: 397
B12: W1000x554 | C12: * | D12: 1 | F12: 3 | G12: 1032 | H12: 408 | I12: 52.1 | J12: 29.5 | K12: 3.92 | L12: 31.5 | M12: 84 | N12: 45 | O12: 1000 | P12: 554 | Q12: 70700 | R12: 12300 | S12: 23900 | T12: 418 | U12: 27500 | V12: 592 | W12: 2900 | X12: 91.5 | Y12: 4550 | Z12: 48600 | AA12: 142000 | AB12: 99900 | AC12: 531 | AD12: 4830 | AE12: 13600 | AF12: 3.64 | AG12: W40x372 | AH12: 40 | AI12: 372
B13: W1000x539 | C13: * | D13: 1 | F13: 3 | G13: 1030 | H13: 407 | I13: 51.1 | J13: 28.4 | K13: 3.98 | L13: 32.7 | M13: 83 | N13: 44 | O13: 1000 | P13: 539 | Q13: 68700 | R13: 12000 | S13: 23400 | T13: 418 | U13: 26800 | V13: 576 | W13: 2830 | X13: 91.6 | Y13: 4440 | Z13: 45300 | AA13: 138000 | AB13: 99600 | AC13: 518 | AD13: 4730 | AE13: 13200 | AF13: 3.63 | AG13: W40x362 | AH13: 40 | AI13: 362
B14: W1000x483 | C14: * | D14: 1 | F14: 3 | G14: 1020 | H14: 404 | I14: 46 | J14: 25.4 | K14: 4.39 | L14: 36.5 | M14: 78 | N14: 43 | O14: 1000 | P14: 483 | Q14: 61500 | R14: 10700 | S14: 20900 | T14: 417 | U14: 23900 | V14: 507 | W14: 2510 | X14: 90.8 | Y14: 3920 | Z14: 33100 | AA14: 120000 | AB14: 98400 | AC14: 457 | AD14: 4240 | AE14: 11800 | AF14: 3.61 | AG14: W40x324 | AH14: 40 | AI14: 324
B15: W1000x443 | C15: * | D15: 1 | F15: 3 | G15: 1012 | H15: 402 | I15: 41.9 | J15: 23.6 | K15: 4.8 | L15: 39.3 | M15: 73 | N15: 42 | O15: 1000 | P15: 443 | Q15: 56400 | R15: 9670 | S15: 19100 | T15: 414 | U15: 21800 | V15: 455 | W15: 2260 | X15: 89.8 | Y15: 3530 | Z15: 25400 | AA15: 107000 | AB15: 97500 | AC15: 411 | AD15: 3850 | AE15: 10700 | AF15: 3.58 | AG15: W40x297 | AH15: 40 | AI15: 297
B16: W1000x412 | C16: * | D16: 1 | F16: 3 | G16: 1008 | H16: 402 | I16: 40 | J16: 21.1 | K16: 5.03 | L16: 44 | M16: 72 | N16: 41 | O16: 1000 | P16: 412 | Q16: 52500 | R16: 9100 | S16: 18100 | T16: 416 | U16: 20500 | V16: 434 | W16: 2160 | X16: 90.9 | Y16: 3350 | Z16: 21400 | AA16: 102000 | AB16: 97300 | AC16: 391 | AD16: 3690 | AE16: 10100 | AF16: 3.58 | AG16: W40x277 | AH16: 40 | AI16: 277
B17: W1000x371 | C17: * | D17: 1 | F17: 3 | G17: 1000 | H17: 400 | I17: 36.1 | J17: 19 | K17: 5.54 | L17: 48.8 | M17: 68 | N17: 40 | O17: 1000 | P17: 371 | Q17: 47300 | R17: 8140 | S17: 16300 | T17: 415 | U17: 18400 | V17: 386 | W17: 1930 | X17: 90.3 | Y17: 2980 | Z17: 15900 | AA17: 89600 | AB17: 96400 | AC17: 348 | AD17: 3310 | AE17: 9000 | AF17: 3.56 | AG17: W40x249 | AH17: 40 | AI17: 249
B18: W1000x321 | C18: * | D18: 1 | F18: 3 | G18: 990 | H18: 400 | I18: 31 | J18: 16.5 | K18: 6.45 | L18: 56.2 | M18: 63 | N18: 38 | O18: 1000 | P18: 321 | Q18: 40900 | R18: 6960 | S18: 14100 | T18: 413 | U18: 15800 | V18: 331 | W18: 1660 | X18: 90 | Y18: 2550 | Z18: 10300 | AA18: 76100 | AB18: 95900 | AC18: 297 | AD18: 2850 | AE18: 7720 | AF18: 3.55 | AG18: W40x215 | AH18: 40 | AI18: 215
B19: W1000x296 | C19: * | D19: 1 | F19: 3 | G19: 982 | H19: 400 | I19: 27.1 | J19: 16.5 | K19: 7.38 | L19: 56.2 | M19: 59 | N19: 38 | O19: 1000 | P19: 296 | Q19: 37800 | R19: 6200 | S19: 12600 | T19: 405 | U19: 14300 | V19: 290 | W19: 1450 | X19: 87.6 | Y19: 2240 | Z19: 7640 | AA19: 66000 | AB19: 95500 | AC19: 259 | AD19: 2480 | AE19: 6950 | AF19: 3.53 | AG19: W40x199 | AH19: 40 | AI19: 199
A20: * | B20: W1000x584 | C20: * | D20: 1 | F20: 3 | G20: 1056 | H20: 314 | I20: 64 | J20: 36.1 | K20: 2.45 | L20: 25.7 | M20: 96 | N20: 48 | O20: 1000 | P20: 584 | Q20: 74500 | R20: 12500 | S20: 23600 | T20: 409 | U20: 28100 | V20: 334 | W20: 2130 | X20: 67 | Y20: 3480 | Z20: 71700 | AA20: 82300 | AB20: 77900 | AC20: 391 | AD20: 4410 | AE20: 13900 | AF20: 3.3 | AG20: W40x392 | AH20: 40 | AI20: 392
B21: W1000x494 | C21: * | D21: 1 | F21: 3 | G21: 1036 | H21: 309 | I21: 54 | J21: 31 | K21: 2.86 | L21: 29.9 | M21: 86 | N21: 46 | O21: 1000 | P21: 494 | Q21: 62900 | R21: 10300 | S21: 19800 | T21: 404 | U21: 23400 | V21: 268 | W21: 1740 | X21: 65.3 | Y21: 2820 | Z21: 44000 | AA21: 64700 | AB21: 75900 | AC21: 316 | AD21: 3690 | AE21: 11500 | AF21: 3.25 | AG21: W40x331 | AH21: 40 | AI21: 331
B22: W1000x486 | C22: * | D22: 1 | F22: 3 | G22: 1036 | H22: 308 | I22: 54.1 | J22: 30 | K22: 2.85 | L22: 30.9 | M22: 86 | N22: 45 | O22: 1000 | P22: 486 | Q22: 61900 | R22: 10200 | S22: 19700 | T22: 406 | U22: 23200 | V22: 266 | W22: 1730 | X22: 65.5 | Y22: 2790 | Z22: 42900 | AA22: 64100 | AB22: 75600 | AC22: 315 | AD22: 3690 | AE22: 11400 | AF22: 3.24 | AG22: W40x327 | AH22: 40 | AI22: 327
B23: W1000x438 | C23: * | D23: 1 | F23: 3 | G23: 1026 | H23: 305 | I23: 49 | J23: 26.9 | K23: 3.11 | L23: 34.5 | M23: 81 | N23: 43 | O23: 1000 | P23: 438 | Q23: 55600 | R23: 9090 | S23: 17700 | T23: 404 | U23: 20700 | V23: 234 | W23: 1530 | X23: 64.8 | Y23: 2460 | Z23: 31800 | AA23: 55700 | AB23: 74500 | AC23: 278 | AD23: 3330 | AE23: 10200 | AF23: 3.22 | AG23: W40x294 | AH23: 40 | AI23: 294
B24: W1000x415 | C24: * | D24: 1 | F24: 3 | G24: 1020 | H24: 304 | I24: 46 | J24: 25.9 | K24: 3.3 | L24: 35.8 | M24: 78 | N24: 43 | O24: 1000 | P24: 415 | Q24: 52800 | R24: 8520 | S24: 16700 | T24: 402 | U24: 19500 | V24: 217 | W24: 1430 | X24: 64.1 | Y24: 2300 | Z24: 27000 | AA24: 51500 | AB24: 74000 | AC24: 259 | AD24: 3110 | AE24: 9600 | AF24: 3.2 | AG24: W40x278 | AH24: 40 | AI24: 278
B25: W1000x393 | C25: * | D25: 1 | F25: 3 | G25: 1016 | H25: 303 | I25: 43.9 | J25: 24.4 | K25: 3.45 | L25: 38 | M25: 75 | N25: 42 | O25: 1000 | P25: 393 | Q25: 50000 | R25: 8080 | S25: 15900 | T25: 402 | U25: 18500 | V25: 205 | W25: 1350 | X25: 64 | Y25: 2170 | Z25: 23300 | AA25: 48400 | AB25: 73600 | AC25: 245 | AD25: 2970 | AE25: 9090 | AF25: 3.2 | AG25: W40x264 | AH25: 40 | AI25: 264
B26: W1000x350 | C26: * | D26: 1 | F26: 3 | G26: 1008 | H26: 302 | I26: 40 | J26: 21.1 | K26: 3.78 | L26: 44 | M26: 72 | N26: 41 | O26: 1000 | P26: 350 | Q26: 44500 | R26: 7230 | S26: 14300 | T26: 403 | U26: 16600 | V26: 185 | W26: 1220 | X26: 64.4 | Y26: 1940 | Z26: 17200 | AA26: 43200 | AB26: 73100 | AC26: 221 | AD26: 2720 | AE26: 8120 | AF26: 3.18 | AG26: W40x235 | AH26: 40 | AI26: 235
B27: W1000x314 | C27: * | D27: 1 | F27: 3 | G27: 1000 | H27: 300 | I27: 35.9 | J27: 19.1 | K27: 4.18 | L27: 48.6 | M27: 67 | N27: 40 | O27: 1000 | P27: 314 | Q27: 40000 | R27: 6440 | S27: 12900 | T27: 401 | U27: 14900 | V27: 162 | W27: 1080 | X27: 63.7 | Y27: 1710 | Z27: 12600 | AA27: 37700 | AB27: 72300 | AC27: 195 | AD27: 2430 | AE27: 7250 | AF27: 3.16 | AG27: W40x211 | AH27: 40 | AI27: 211
B28: W1000x272 | C28: * | D28: 1 | F28: 3 | G28: 990 | H28: 300 | I28: 31 | J28: 16.5 | K28: 4.84 | L28: 56.2 | M28: 63 | N28: 38 | O28: 1000 | P28: 272 | Q28: 34700 | R28: 5540 | S28: 11200 | T28: 400 | U28: 12800 | V28: 140 | W28: 933 | X28: 63.5 | Y28: 1470 | Z28: 8350 | AA28: 32200 | AB28: 71900 | AC28: 167 | AD28: 2110 | AE28: 6240 | AF28: 3.15 | AG28: W40x183 | AH28: 40 | AI28: 183
B29: W1000x249 | C29: * | D29: 1 | F29: 3 | G29: 980 | H29: 300 | I29: 26 | J29: 16.5 | K29: 5.77 | L29: 56.2 | M29: 58 | N29: 38 | O29: 1000 | P29: 249 | Q29: 31700 | R29: 4810 | S29: 9820 | T29: 390 | U29: 11300 | V29: 118 | W29: 783 | X29: 60.9 | Y29: 1240 | Z29: 5820 | AA29: 26700 | AB29: 71600 | AC29: 140 | AD29: 1760 | AE29: 5500 | AF29: 3.13 | AG29: W40x167 | AH29: 40 | AI29: 167
B30: W1000x222 | C30: * | D30: 1 | F30: 3 | G30: 970 | H30: 300 | I30: 21.1 | J30: 16 | K30: 7.11 | L30: 58 | M30: 53 | N30: 38 | O30: 1000 | P30: 222 | Q30: 28300 | R30: 4080 | S30: 8410 | T30: 380 | U30: 9800 | V30: 95.4 | W30: 636 | X30: 58.1 | Y30: 1020 | Z30: 3900 | AA30: 21500 | AB30: 71200 | AC30: 113 | AD30: 1420 | AE30: 4720 | AF30: 3.11 | AG30: W40x149 | AH30: 40 | AI30: 149
A31: * | B31: W920x1191 | C31: * | D31: 1 | F31: 3 | G31: 1081 | H31: 457 | I31: 109 | J31: 60.5 | K31: 2.1 | L31: 14.3 | M31: 141 | N31: 60 | O31: 920 | P31: 1191 | Q31: 152000 | R31: 27000 | S31: 49900 | T31: 421 | U31: 59900 | V31: 1750 | W31: 7660 | X31: 107 | Y31: 12200 | Z31: 440000 | AA31: 413000 | AB31: 111000 | AC31: 1380 | AD31: 10500 | AE31: 29800 | AF31: 3.87 | AG31: W36x800 | AH31: 36 | AI31: 800
B32: W920x970 | C32: * | D32: 1 | F32: 3 | G32: 1043 | H32: 446 | I32: 89.9 | J32: 50 | K32: 2.48 | L32: 17.3 | M32: 121 | N32: 55 | O32: 920 | P32: 970 | Q32: 124000 | R32: 21000 | S32: 40300 | T32: 412 | U32: 47700 | V32: 1340 | W32: 6000 | X32: 104 | Y32: 9500 | Z32: 246000 | AA32: 304000 | AB32: 106000 | AC32: 1070 | AD32: 8480 | AE32: 23800 | AF32: 3.77 | AG32: W36x652 | AH32: 36 | AI32: 652
B33: W920x787 | C33: * | D33: 1 | F33: 3 | G33: 1011 | H33: 437 | I33: 73.9 | J33: 40.9 | K33: 2.96 | L33: 21.1 | M33: 105 | N33: 50 | O33: 920 | P33: 787 | Q33: 100000 | R33: 16500 | S33: 32600 | T33: 405 | U33: 38100 | V33: 1030 | W33: 4730 | X33: 101 | Y33: 7430 | Z33: 136000 | AA33: 227000 | AB33: 102000 | AC33: 827 | AD33: 6860 | AE33: 18900 | AF33: 3.69 | AG33: W36x529 | AH33: 36 | AI33: 529
B34: W920x725 | C34: * | D34: 1 | F34: 3 | G34: 999 | H34: 434 | I34: 68.1 | J34: 38.1 | K34: 3.19 | L34: 22.6 | M34: 100 | N34: 49 | O34: 920 | P34: 725 | Q34: 92500 | R34: 15000 | S34: 29900 | T34: 402 | U34: 34800 | V34: 932 | W34: 4300 | X34: 100 | Y34: 6740 | Z34: 107000 | AA34: 202000 | AB34: 101000 | AC34: 746 | AD34: 6270 | AE34: 17300 | AF34: 3.66 | AG34: W36x487 | AH34: 36 | AI34: 487
B35: W920x656 | C35: * | D35: 1 | F35: 3 | G35: 987 | H35: 431 | I35: 62 | J35: 34.5 | K35: 3.48 | L35: 25 | M35: 94 | N35: 47 | O35: 920 | P35: 656 | Q35: 83700 | R35: 13400 | S35: 27100 | T35: 400 | U35: 31400 | V35: 831 | W35: 3850 | X35: 99.6 | Y35: 6030 | Z35: 80700 | AA35: 178000 | AB35: 99700 | AC35: 666 | AD35: 5680 | AE35: 15600 | AF35: 3.63 | AG35: W36x441 | AH35: 36 | AI35: 441
B36: W920x588 | C36: * | D36: 1 | F36: 3 | G36: 976 | H36: 427 | I36: 55.9 | J36: 31 | K36: 3.82 | L36: 27.9 | M36: 87 | N36: 46 | O36: 920 | P36: 588 | Q36: 75000 | R36: 11900 | S36: 24300 | T36: 398 | U36: 28000 | V36: 728 | W36: 3410 | X36: 98.5 | Y36: 5310 | Z36: 59100 | AA36: 154000 | AB36: 98200 | AC36: 586 | AD36: 5090 | AE36: 13900 | AF36: 3.6 | AG36: W36x395 | AH36: 36 | AI36: 395
B37: W920x537 | C37: * | D37: 1 | F37: 3 | G37: 965 | H37: 425 | I37: 51.1 | J37: 28.4 | K37: 4.16 | L37: 30.4 | M37: 83 | N37: 44 | O37: 920 | P37: 537 | Q37: 68400 | R37: 10700 | S37: 22200 | T37: 395 | U37: 25300 | V37: 656 | W37: 3090 | X37: 97.9 | Y37: 4800 | Z37: 45300 | AA37: 137000 | AB37: 97100 | AC37: 527 | AD37: 4630 | AE37: 12600 | AF37: 3.57 | AG37: W36x361 | AH37: 36 | AI37: 361
B38: W920x491 | C38: * | D38: 1 | F38: 3 | G38: 957 | H38: 422 | I38: 47 | J38: 25.9 | K38: 4.49 | L38: 33.3 | M38: 79 | N38: 43 | O38: 920 | P38: 491 | Q38: 62500 | R38: 9700 | S38: 20300 | T38: 394 | U38: 23100 | V38: 590 | W38: 2800 | X38: 97.2 | Y38: 4340 | Z38: 35100 | AA38: 122000 | AB38: 96000 | AC38: 476 | AD38: 4240 | AE38: 11400 | AF38: 3.55 | AG38: W36x330 | AH38: 36 | AI38: 330
B39: W920x449 | C39: * | D39: 1 | F39: 3 | G39: 948 | H39: 423 | I39: 42.7 | J39: 24 | K39: 4.95 | L39: 35.9 | M39: 74 | N39: 42 | O39: 920 | P39: 449 | Q39: 57300 | R39: 8780 | S39: 18500 | T39: 391 | U39: 21000 | V39: 540 | W39: 2550 | X39: 97 | Y39: 3950 | Z39: 26800 | AA39: 111000 | AB39: 95700 | AC39: 432 | AD39: 3860 | AE39: 10400 | AF39: 3.54 | AG39: W36x302 | AH39: 36 | AI39: 302
B40: W920x420 | C40: * | D40: 1 | F40: 3 | G40: 943 | H40: 422 | I40: 39.9 | J40: 22.5 | K40: 5.29 | L40: 38.4 | M40: 71 | N40: 41 | O40: 920 | P40: 420 | Q40: 53600 | R40: 8170 | S40: 17300 | T40: 390 | U40: 19600 | V40: 501 | W40: 2370 | X40: 96.7 | Y40: 3670 | Z40: 22000 | AA40: 102000 | AB40: 95300 | AC40: 401 | AD40: 3600 | AE40: 9700 | AF40: 3.53 | AG40: W36x282 | AH40: 36 | AI40: 282
B41: W920x390 | C41: * | D41: 1 | F41: 3 | G41: 936 | H41: 420 | I41: 36.6 | J41: 21.3 | K41: 5.74 | L41: 40.5 | M41: 68 | N41: 41 | O41: 920 | P41: 390 | Q41: 49600 | R41: 7450 | S41: 15900 | T41: 388 | U41: 18000 | V41: 453 | W41: 2160 | X41: 95.5 | Y41: 3330 | Z41: 17300 | AA41: 91600 | AB41: 94400 | AC41: 363 | AD41: 3280 | AE41: 8890 | AF41: 3.51 | AG41: W36x262 | AH41: 36 | AI41: 262
B42: W920x368 | C42: * | D42: 1 | F42: 3 | G42: 931 | H42: 419 | I42: 34.3 | J42: 20.3 | K42: 6.11 | L42: 42.5 | M42: 66 | N42: 40 | O42: 920 | P42: 368 | Q42: 46700 | R42: 6960 | S42: 14900 | T42: 386 | U42: 16900 | V42: 421 | W42: 2010 | X42: 94.9 | Y42: 3110 | Z42: 14500 | AA42: 84700 | AB42: 93900 | AC42: 337 | AD42: 3070 | AE42: 8330 | AF42: 3.5 | AG42: W36x247 | AH42: 36 | AI42: 247
B43: W920x344 | C43: * | D43: 1 | F43: 3 | G43: 927 | H43: 418 | I43: 32 | J43: 19.3 | K43: 6.53 | L43: 44.7 | M43: 64 | N43: 40 | O43: 920 | P43: 344 | Q43: 43900 | R43: 6480 | S43: 14000 | T43: 384 | U43: 15800 | V43: 390 | W43: 1870 | X43: 94.3 | Y43: 2880 | Z43: 11900 | AA43: 78100 | AB43: 93500 | AC43: 313 | AD43: 2850 | AE43: 7780 | AF43: 3.49 | AG43: W36x231 | AH43: 36 | AI43: 231
A44: * | B44: W920x381 | C44: * | D44: 1 | F44: 3 | G44: 951 | H44: 310 | I44: 43.9 | J44: 24.4 | K44: 3.53 | L44: 35.4 | M44: 66 | N44: 33 | O44: 920 | P44: 381 | Q44: 48600 | R44: 6970 | S44: 14700 | T44: 379 | U44: 17000 | V44: 219 | W44: 1410 | X44: 67.1 | Y44: 2240 | Z44: 22000 | AA44: 45100 | AB44: 70300 | AC44: 239 | AD44: 2840 | AE44: 8440 | AF44: 3.09 | AG44: W36x256 | AH44: 36 | AI44: 256
B45: W920x345 | C45: * | D45: 1 | F45: 3 | G45: 943 | H45: 308 | I45: 39.9 | J45: 22.1 | K45: 3.86 | L45: 39.1 | M45: 62 | N45: 31 | O45: 920 | P45: 345 | Q45: 44000 | R45: 6260 | S45: 13300 | T45: 377 | U45: 15300 | V45: 195 | W45: 1270 | X45: 66.6 | Y45: 2000 | Z45: 16500 | AA45: 39800 | AB45: 69500 | AC45: 214 | AD45: 2580 | AE45: 7610 | AF45: 3.07 | AG45: W36x232 | AH45: 36 | AI45: 232
B46: W920x313 | C46: * | D46: 1 | F46: 3 | G46: 932 | H46: 309 | I46: 34.5 | J46: 21.1 | K46: 4.48 | L46: 40.9 | M46: 56 | N46: 31 | O46: 920 | P46: 313 | Q46: 39800 | R46: 5480 | S46: 11800 | T46: 371 | U46: 13600 | V46: 170 | W46: 1100 | X46: 65.4 | Y46: 1750 | Z46: 11600 | AA46: 34300 | AB46: 69300 | AC46: 185 | AD46: 2230 | AE46: 6750 | AF46: 3.06 | AG46: W36x210 | AH46: 36 | AI46: 210
B47: W920x289 | C47: * | D47: 1 | F47: 3 | G47: 927 | H47: 308 | I47: 32 | J47: 19.4 | K47: 4.81 | L47: 44.5 | M47: 54 | N47: 30 | O47: 920 | P47: 289 | Q47: 36800 | R47: 5050 | S47: 10900 | T47: 370 | U47: 12600 | V47: 156 | W47: 1020 | X47: 65.2 | Y47: 1600 | Z47: 9230 | AA47: 31300 | AB47: 68900 | AC47: 170 | AD47: 2070 | AE47: 6220 | AF47: 3.05 | AG47: W36x194 | AH47: 36 | AI47: 194
B48: W920x271 | C48: * | D48: 1 | F48: 3 | G48: 923 | H48: 307 | I48: 30 | J48: 18.4 | K48: 5.12 | L48: 46.9 | M48: 52 | N48: 30 | O48: 920 | P48: 271 | Q48: 34600 | R48: 4720 | S48: 10200 | T48: 369 | U48: 11800 | V48: 145 | W48: 946 | X48: 64.8 | Y48: 1490 | Z48: 7700 | AA48: 28900 | AB48: 68500 | AC48: 158 | AD48: 1930 | AE48: 5830 | AF48: 3.04 | AG48: W36x182 | AH48: 36 | AI48: 182
B49: W920x253 | C49: * | D49: 1 | F49: 3 | G49: 919 | H49: 306 | I49: 27.9 | J49: 17.3 | K49: 5.48 | L49: 49.9 | M49: 50 | N49: 29 | O49: 920 | P49: 253 | Q49: 32300 | R49: 4380 | S49: 9520 | T49: 368 | U49: 11000 | V49: 134 | W49: 874 | X49: 64.3 | Y49: 1370 | Z49: 6270 | AA49: 26500 | AB49: 68200 | AC49: 145 | AD49: 1790 | AE49: 5420 | AF49: 3.03 | AG49: W36x170 | AH49: 36 | AI49: 170
B50: W920x238 | C50: * | D50: 1 | F50: 3 | G50: 915 | H50: 305 | I50: 25.9 | J50: 16.5 | K50: 5.89 | L50: 52.3 | M50: 48 | N50: 29 | O50: 920 | P50: 238 | Q50: 30400 | R50: 4060 | S50: 8880 | T50: 366 | U50: 10200 | V50: 123 | W50: 806 | X50: 63.6 | Y50: 1270 | Z50: 5150 | AA50: 24300 | AB50: 67800 | AC50: 134 | AD50: 1660 | AE50: 5050 | AF50: 3.02 | AG50: W36x160 | AH50: 36 | AI50: 160
B51: W920x223 | C51: * | D51: 1 | F51: 3 | G51: 911 | H51: 304 | I51: 23.9 | J51: 15.9 | K51: 6.36 | L51: 54.3 | M51: 46 | N51: 28 | O51: 920 | P51: 223 | Q51: 28600 | R51: 3770 | S51: 8270 | T51: 363 | U51: 9540 | V51: 112 | W51: 738 | X51: 62.7 | Y51: 1160 | Z51: 4220 | AA51: 22100 | AB51: 67400 | AC51: 122 | AD51: 1530 | AE51: 4700 | AF51: 3.01 | AG51: W36x150 | AH51: 36 | AI51: 150
B52: W920x201 | C52: * | D52: 1 | F52: 3 | G52: 903 | H52: 304 | I52: 20.1 | J52: 15.2 | K52: 7.56 | L52: 56.8 | M52: 42 | N52: 28 | O52: 920 | P52: 201 | Q52: 25600 | R52: 3250 | S52: 7200 | T52: 356 | U52: 8360 | V52: 94.4 | W52: 621 | X52: 60.7 | Y52: 982 | Z52: 2910 | AA52: 18400 | AB52: 67100 | AC52: 103 | AD52: 1280 | AE52: 4110 | AF52: 2.99 | AG52: W36x135 | AH52: 36 | AI52: 135
A53: * | B53: W840x576 | C53: * | D53: 1 | F53: 3 | G53: 913 | H53: 411 | I53: 57.9 | J53: 32 | K53: 3.55 | L53: 24.9 | M53: 79 | N53: 36 | O53: 840 | P53: 576 | Q53: 73400 | R53: 10100 | S53: 22200 | T53: 371 | U53: 25600 | V53: 672 | W53: 3270 | X53: 95.7 | Y53: 5100 | Z53: 61700 | AA53: 123000 | AB53: 87900 | AC53: 523 | AD53: 4690 | AE53: 12700 | AF53: 3.41 | AG53: W33x387 | AH53: 33 | AI53: 387
B54: W840x527 | C54: * | D54: 1 | F54: 3 | G54: 903 | H54: 409 | I54: 53.1 | J54: 29.5 | K54: 3.85 | L54: 27 | M54: 75 | N54: 35 | O54: 840 | P54: 527 | Q54: 67300 | R54: 9150 | S54: 20300 | T54: 369 | U54: 23300 | V54: 607 | W54: 2970 | X54: 95 | Y54: 4620 | Z54: 47800 | AA54: 110000 | AB54: 86900 | AC54: 472 | AD54: 4280 | AE54: 11600 | AF54: 3.38 | AG54: W33x354 | AH54: 33 | AI54: 354
B55: W840x473 | C55: * | D55: 1 | F55: 3 | G55: 893 | H55: 406 | I55: 48 | J55: 26.4 | K55: 4.23 | L55: 30.2 | M55: 70 | N55: 33 | O55: 840 | P55: 473 | Q55: 60400 | R55: 8130 | S55: 18200 | T55: 367 | U55: 20800 | V55: 537 | W55: 2640 | X55: 94.3 | Y55: 4100 | Z55: 35100 | AA55: 95800 | AB55: 85800 | AC55: 418 | AD55: 3850 | AE55: 10300 | AF55: 3.36 | AG55: W33x318 | AH55: 33 | AI55: 318
B56: W840x433 | C56: * | D56: 1 | F56: 3 | G56: 885 | H56: 404 | I56: 43.9 | J56: 24.4 | K56: 4.6 | L56: 32.7 | M56: 65 | N56: 32 | O56: 840 | P56: 433 | Q56: 55300 | R56: 7360 | S56: 16600 | T56: 365 | U56: 18900 | V56: 484 | W56: 2390 | X56: 93.5 | Y56: 3710 | Z56: 27000 | AA56: 85500 | AB56: 85000 | AC56: 377 | AD56: 3500 | AE56: 9400 | AF56: 3.34 | AG56: W33x291 | AH56: 33 | AI56: 291
B57: W840x392 | C57: * | D57: 1 | F57: 3 | G57: 877 | H57: 401 | I57: 39.9 | J57: 22.1 | K57: 5.03 | L57: 36.1 | M57: 61 | N57: 31 | O57: 840 | P57: 392 | Q57: 50000 | R57: 6600 | S57: 15000 | T57: 363 | U57: 17000 | V57: 430 | W57: 2140 | X57: 92.7 | Y57: 3310 | Z57: 20300 | AA57: 75300 | AB57: 83900 | AC57: 336 | AD57: 3160 | AE57: 8450 | AF57: 3.31 | AG57: W33x263 | AH57: 33 | AI57: 263
B58: W840x359 | C58: * | D58: 1 | F58: 3 | G58: 868 | H58: 403 | I58: 35.6 | J58: 21.1 | K58: 5.66 | L58: 37.8 | M58: 57 | N58: 31 | O58: 840 | P58: 359 | Q58: 45800 | R58: 5920 | S58: 13600 | T58: 359 | U58: 15400 | V58: 389 | W58: 1930 | X58: 92.1 | Y58: 2980 | Z58: 15100 | AA58: 67400 | AB58: 83900 | AC58: 301 | AD58: 2830 | AE58: 7650 | AF58: 3.31 | AG58: W33x241 | AH58: 33 | AI58: 241
B59: W840x329 | C59: * | D59: 1 | F59: 3 | G59: 862 | H59: 401 | I59: 32.4 | J59: 19.7 | K59: 6.19 | L59: 40.5 | M59: 54 | N59: 30 | O59: 840 | P59: 329 | Q59: 42000 | R59: 5360 | S59: 12400 | T59: 357 | U59: 14000 | V59: 349 | W59: 1740 | X59: 91.1 | Y59: 2690 | Z59: 11600 | AA59: 60000 | AB59: 83200 | AC59: 270 | AD59: 2560 | AE59: 6950 | AF59: 3.29 | AG59: W33x221 | AH59: 33 | AI59: 221
B60: W840x299 | C60: * | D60: 1 | F60: 3 | G60: 855 | H60: 400 | I60: 29.2 | J60: 18.2 | K60: 6.85 | L60: 43.8 | M60: 51 | N60: 29 | O60: 840 | P60: 299 | Q60: 38200 | R60: 4800 | S60: 11200 | T60: 355 | U60: 12700 | V60: 312 | W60: 1560 | X60: 90.4 | Y60: 2410 | Z60: 8660 | AA60: 53200 | AB60: 82600 | AC60: 241 | AD60: 2300 | AE60: 6270 | AF60: 3.27 | AG60: W33x201 | AH60: 33 | AI60: 201
A61: * | B61: W840x251 | C61: * | D61: 1 | F61: 3 | G61: 859 | H61: 292 | I61: 31 | J61: 17 | K61: 4.71 | L61: 46.9 | M61: 53 | N61: 29 | O61: 840 | P61: 251 | Q61: 31900 | R61: 3860 | S61: 9000 | T61: 348 | U61: 10300 | V61: 129 | W61: 884 | X61: 63.6 | Y61: 1380 | Z61: 7350 | AA61: 22100 | AB61: 60400 | AC61: 137 | AD61: 1760 | AE61: 5100 | AF61: 2.85 | AG61: W33x169 | AH61: 33 | AI61: 169
B62: W840x226 | C62: * | D62: 1 | F62: 3 | G62: 851 | H62: 294 | I62: 26.8 | J62: 16.1 | K62: 5.49 | L62: 49.5 | M62: 49 | N62: 28 | O62: 840 | P62: 226 | Q62: 28900 | R62: 3400 | S62: 7990 | T62: 343 | U62: 9160 | V62: 114 | W62: 774 | X62: 62.8 | Y62: 1210 | Z62: 5140 | AA62: 19300 | AB62: 60600 | AC62: 119 | AD62: 1530 | AE62: 4530 | AF62: 2.85 | AG62: W33x152 | AH62: 33 | AI62: 152
B63: W840x210 | C63: * | D63: 1 | F63: 3 | G63: 846 | H63: 293 | I63: 24.4 | J63: 15.4 | K63: 6 | L63: 51.8 | M63: 46 | N63: 28 | O63: 840 | P63: 210 | Q63: 26800 | R63: 3110 | S63: 7340 | T63: 340 | U63: 8430 | V63: 103 | W63: 700 | X63: 61.8 | Y63: 1100 | Z63: 4050 | AA63: 17300 | AB63: 60200 | AC63: 108 | AD63: 1390 | AE63: 4160 | AF63: 2.83 | AG63: W33x141 | AH63: 33 | AI63: 141
B64: W840x193 | C64: * | D64: 1 | F64: 3 | G64: 840 | H64: 292 | I64: 21.7 | J64: 14.7 | K64: 6.73 | L64: 54.2 | M64: 44 | N64: 28 | O64: 840 | P64: 193 | Q64: 24700 | R64: 2780 | S64: 6630 | T64: 336 | U64: 7620 | V64: 90.3 | W64: 618 | X64: 60.5 | Y64: 971 | Z64: 3050 | AA64: 15100 | AB64: 59700 | AC64: 94.6 | AD64: 1230 | AE64: 3760 | AF64: 2.82 | AG64: W33x130 | AH64: 33 | AI64: 130
B65: W840x176 | C65: * | D65: 1 | F65: 3 | G65: 835 | H65: 292 | I65: 18.8 | J65: 14 | K65: 7.77 | L65: 57 | M65: 41 | N65: 27 | O65: 840 | P65: 176 | Q65: 22400 | R65: 2460 | S65: 5900 | T65: 331 | U65: 6810 | V65: 78.2 | W65: 536 | X65: 59.1 | Y65: 844 | Z65: 2220 | AA65: 13000 | AB65: 59600 | AC65: 81.8 | AD65: 1070 | AE65: 3350 | AF65: 2.81 | AG65: W33x118 | AH65: 33 | AI65: 118
A66: * | B66: W760x582 | C66: * | D66: 1 | F66: 3 | G66: 843 | H66: 396 | I66: 62 | J66: 34.5 | K66: 3.19 | L66: 20.8 | M66: 84 | N66: 37 | O66: 760 | P66: 582 | Q66: 74300 | R66: 8620 | S66: 20400 | T66: 341 | U66: 23800 | V66: 644 | W66: 3250 | X66: 93.2 | Y66: 5080 | Z66: 72200 | AA66: 98300 | AB66: 77300 | AC66: 475 | AD66: 4380 | AE66: 11800 | AF66: 3.2 | AG66: W30x391 | AH66: 30 | AI66: 391
B67: W760x531 | C67: * | D67: 1 | F67: 3 | G67: 833 | H67: 393 | I67: 56.9 | J67: 31.5 | K67: 3.45 | L67: 22.8 | M67: 78 | N67: 36 | O67: 760 | P67: 531 | Q67: 67700 | R67: 7770 | S67: 18600 | T67: 339 | U67: 21600 | V67: 578 | W67: 2940 | X67: 92.4 | Y67: 4580 | Z67: 55600 | AA67: 87000 | AB67: 76300 | AC67: 426 | AD67: 3990 | AE67: 10700 | AF67: 3.18 | AG67: W30x357 | AH67: 30 | AI67: 357
B68: W760x484 | C68: * | D68: 1 | F68: 3 | G68: 823 | H68: 390 | I68: 52.1 | J68: 29 | K68: 3.74 | L68: 24.8 | M68: 74 | N68: 35 | O68: 760 | P68: 484 | Q68: 61800 | R68: 6990 | S68: 17000 | T68: 336 | U68: 19500 | V68: 517 | W68: 2650 | X68: 91.4 | Y68: 4120 | Z68: 42800 | AA68: 76800 | AB68: 75200 | AC68: 382 | AD68: 3620 | AE68: 9700 | AF68: 3.15 | AG68: W30x326 | AH68: 30 | AI68: 326
B69: W760x434 | C69: * | D69: 1 | F69: 3 | G69: 813 | H69: 387 | I69: 47 | J69: 25.9 | K69: 4.12 | L69: 27.8 | M69: 69 | N69: 33 | O69: 760 | P69: 434 | Q69: 55300 | R69: 6190 | S69: 15200 | T69: 334 | U69: 17400 | V69: 455 | W69: 2350 | X69: 90.7 | Y69: 3650 | Z69: 31300 | AA69: 66800 | AB69: 74100 | AC69: 337 | AD69: 3250 | AE69: 8640 | AF69: 3.12 | AG69: W30x292 | AH69: 30 | AI69: 292
B70: W760x389 | C70: * | D70: 1 | F70: 3 | G70: 803 | H70: 385 | I70: 41.9 | J70: 23.6 | K70: 4.59 | L70: 30.5 | M70: 63 | N70: 32 | O70: 760 | P70: 389 | Q70: 49600 | R70: 5450 | S70: 13600 | T70: 332 | U70: 15500 | V70: 399 | W70: 2070 | X70: 89.8 | Y70: 3210 | Z70: 22500 | AA70: 57800 | AB70: 73300 | AC70: 295 | AD70: 2880 | AE70: 7660 | AF70: 3.1 | AG70: W30x261 | AH70: 30 | AI70: 261
B71: W760x350 | C71: * | D71: 1 | F71: 3 | G71: 795 | H71: 382 | I71: 38.1 | J71: 21.1 | K71: 5.01 | L71: 34.1 | M71: 60 | N71: 31 | O71: 760 | P71: 350 | Q71: 44600 | R71: 4870 | S71: 12200 | T71: 330 | U71: 13900 | V71: 355 | W71: 1860 | X71: 89.1 | Y71: 2870 | Z71: 16800 | AA71: 50800 | AB71: 72300 | AC71: 263 | AD71: 2600 | AE71: 6870 | AF71: 3.08 | AG71: W30x235 | AH71: 30 | AI71: 235
B72: W760x314 | C72: * | D72: 1 | F72: 3 | G72: 786 | H72: 384 | I72: 33.4 | J72: 19.7 | K72: 5.75 | L72: 36.5 | M72: 55 | N72: 30 | O72: 760 | P72: 314 | Q72: 40200 | R72: 4290 | S72: 10900 | T72: 327 | U72: 12300 | V72: 316 | W72: 1640 | X72: 88.7 | Y72: 2540 | Z72: 11800 | AA72: 44700 | AB72: 72200 | AC72: 232 | AD72: 2290 | AE72: 6100 | AF72: 3.07 | AG72: W30x211 | AH72: 30 | AI72: 211
B73: W760x284 | C73: * | D73: 1 | F73: 3 | G73: 779 | H73: 382 | I73: 30.1 | J73: 18 | K73: 6.35 | L73: 39.9 | M73: 52 | N73: 29 | O73: 760 | P73: 284 | Q73: 36300 | R73: 3830 | S73: 9820 | T73: 325 | U73: 11100 | V73: 280 | W73: 1470 | X73: 87.9 | Y73: 2260 | Z73: 8750 | AA73: 39300 | AB73: 71500 | AC73: 206 | AD73: 2050 | AE73: 5470 | AF73: 3.05 | AG73: W30x191 | AH73: 30 | AI73: 191
B74: W760x257 | C74: * | D74: 1 | F74: 3 | G74: 773 | H74: 381 | I74: 27.1 | J74: 16.6 | K74: 7.03 | L74: 43.3 | M74: 49 | N74: 28 | O74: 760 | P74: 257 | Q74: 32900 | R74: 3430 | S74: 8880 | T74: 323 | U74: 9970 | V74: 250 | W74: 1310 | X74: 87.2 | Y74: 2020 | Z74: 6510 | AA74: 34800 | AB74: 71000 | AC74: 183 | AD74: 1840 | AE74: 4920 | AF74: 3.04 | AG74: W30x173 | AH74: 30 | AI74: 173
A75: * | B75: W760x220 | C75: * | D75: 1 | F75: 3 | G75: 779 | H75: 266 | I75: 30 | J75: 16.5 | K75: 4.43 | L75: 43.6 | M75: 52 | N75: 29 | O75: 760 | P75: 220 | Q75: 28100 | R75: 2780 | S75: 7140 | T75: 315 | U75: 8190 | V75: 94.4 | W75: 710 | X75: 58 | Y75: 1110 | Z75: 6050 | AA75: 13200 | AB75: 49800 | AC75: 99.4 | AD75: 1400 | AE75: 4050 | AF75: 2.59 | AG75: W30x148 | AH75: 30 | AI75: 148
B76: W760x196 | C76: * | D76: 1 | F76: 3 | G76: 770 | H76: 268 | I76: 25.4 | J76: 15.6 | K76: 5.28 | L76: 46.1 | M76: 47 | N76: 28 | O76: 760 | P76: 196 | Q76: 25100 | R76: 2400 | S76: 6240 | T76: 309 | U76: 7170 | V76: 81.7 | W76: 610 | X76: 57.1 | Y76: 959 | Z76: 4040 | AA76: 11300 | AB76: 49900 | AC76: 84.9 | AD76: 1190 | AE76: 3540 | AF76: 2.58 | AG76: W30x132 | AH76: 30 | AI76: 132
B77: W760x185 | C77: * | D77: 1 | F77: 3 | G77: 766 | H77: 267 | I77: 23.6 | J77: 14.9 | K77: 5.66 | L77: 48.2 | M77: 45 | N77: 28 | O77: 760 | P77: 185 | Q77: 23500 | R77: 2230 | S77: 5820 | T77: 308 | U77: 6690 | V77: 75.1 | W77: 563 | X77: 56.5 | Y77: 884 | Z77: 3330 | AA77: 10300 | AB77: 49600 | AC77: 78.1 | AD77: 1100 | AE77: 3300 | AF77: 2.57 | AG77: W30x124 | AH77: 30 | AI77: 124
B78: W760x173 | C78: * | D78: 1 | F78: 3 | G78: 762 | H78: 267 | I78: 21.6 | J78: 14.4 | K78: 6.18 | L78: 49.9 | M78: 43 | N78: 28 | O78: 760 | P78: 173 | Q78: 22100 | R78: 2060 | S78: 5400 | T78: 305 | U78: 6210 | V78: 68.7 | W78: 515 | X78: 55.7 | Y78: 810 | Z78: 2690 | AA78: 9420 | AB78: 49400 | AC78: 71.3 | AD78: 1010 | AE78: 3070 | AF78: 2.56 | AG78: W30x116 | AH78: 30 | AI78: 116
B79: W760x161 | C79: * | D79: 1 | F79: 3 | G79: 758 | H79: 266 | I79: 19.3 | J79: 13.8 | K79: 6.89 | L79: 52.1 | M79: 41 | N79: 27 | O79: 760 | P79: 161 | Q79: 20400 | R79: 1860 | S79: 4900 | T79: 302 | U79: 5660 | V79: 60.7 | W79: 457 | X79: 54.5 | Y79: 720 | Z79: 2070 | AA79: 8280 | AB79: 49100 | AC79: 63 | AD79: 899 | AE79: 2790 | AF79: 2.55 | AG79: W30x108 | AH79: 30 | AI79: 108
B80: W760x147 | C80: * | D80: 1 | F80: 3 | G80: 753 | H80: 265 | I80: 17 | J80: 13.2 | K80: 7.79 | L80: 54.5 | M80: 39 | N80: 27 | O80: 760 | P80: 147 | Q80: 18700 | R80: 1660 | S80: 4410 | T80: 298 | U80: 5100 | V80: 52.9 | W80: 399 | X80: 53.1 | Y80: 631 | Z80: 1560 | AA80: 7160 | AB80: 48800 | AC80: 54.9 | AD80: 788 | AE80: 2510 | AF80: 2.54 | AG80: W30x99 | AH80: 30 | AI80: 99
B81: W760x134 | C81: * | D81: 1 | F81: 3 | G81: 750 | H81: 264 | I81: 15.5 | J81: 11.9 | K81: 8.52 | L81: 60.4 | M81: 37 | N81: 26 | O81: 760 | P81: 134 | Q81: 17000 | R81: 1500 | S81: 4010 | T81: 297 | U81: 4630 | V81: 47.7 | W81: 361 | X81: 53 | Y81: 568 | Z81: 1180 | AA81: 6430 | AB81: 48500 | AC81: 49.6 | AD81: 718 | AE81: 2270 | AF81: 2.53 | AG81: W30x90 | AH81: 30 | AI81: 90
A82: * | B82: W690x802 | C82: * | D82: 1 | F82: 3 | G82: 826 | H82: 387 | I82: 89.9 | J82: 50 | K82: 2.15 | L82: 12.9 | M82: 112 | N82: 45 | O82: 690 | P82: 802 | Q82: 102000 | R82: 10600 | S82: 25700 | T82: 322 | U82: 30900 | V82: 875 | W82: 4520 | X82: 92.5 | Y82: 7150 | Z82: 206000 | AA82: 119000 | AB82: 71200 | AC82: 619 | AD82: 5580 | AE82: 15400 | AF82: 3.1 | AG82: W27x539 | AH82: 27 | AI82: 539
B83: W690x548 | C83: * | D83: 1 | F83: 3 | G83: 772 | H83: 372 | I83: 63 | J83: 35.1 | K83: 2.95 | L83: 18.4 | M83: 85 | N83: 38 | O83: 690 | P83: 548 | Q83: 69900 | R83: 6730 | S83: 17400 | T83: 310 | U83: 20400 | V83: 543 | W83: 2920 | X83: 88.1 | Y83: 4570 | Z83: 70700 | AA83: 68200 | AB83: 65900 | AC83: 386 | AD83: 3760 | AE83: 10100 | AF83: 2.96 | AG83: W27x368 | AH83: 27 | AI83: 368
B84: W690x500 | C84: * | D84: 1 | F84: 3 | G84: 762 | H84: 369 | I84: 57.9 | J84: 32 | K84: 3.19 | L84: 20.2 | M84: 80 | N84: 36 | O84: 690 | P84: 500 | Q84: 63800 | R84: 6060 | S84: 15900 | T84: 308 | U84: 18500 | V84: 487 | W84: 2640 | X84: 87.4 | Y84: 4110 | Z84: 54600 | AA84: 60300 | AB84: 65000 | AC84: 347 | AD84: 3430 | AE84: 9190 | AF84: 2.94 | AG84: W27x336 | AH84: 27 | AI84: 336
B85: W690x457 | C85: * | D85: 1 | F85: 3 | G85: 752 | H85: 367 | I85: 53.1 | J85: 29.5 | K85: 3.46 | L85: 21.9 | M85: 75 | N85: 35 | O85: 690 | P85: 457 | Q85: 58400 | R85: 5470 | S85: 14500 | T85: 306 | U85: 16800 | V85: 439 | W85: 2390 | X85: 86.7 | Y85: 3720 | Z85: 42300 | AA85: 53600 | AB85: 64100 | AC85: 312 | AD85: 3130 | AE85: 8350 | AF85: 2.91 | AG85: W27x307 | AH85: 27 | AI85: 307
B86: W690x419 | C86: * | D86: 1 | F86: 3 | G86: 744 | H86: 364 | I86: 49 | J86: 26.9 | K86: 3.71 | L86: 24 | M86: 71 | N86: 34 | O86: 690 | P86: 419 | Q86: 53400 | R86: 4950 | S86: 13300 | T86: 305 | U86: 15300 | V86: 395 | W86: 2170 | X86: 86 | Y86: 3370 | Z86: 33000 | AA86: 47700 | AB86: 63200 | AC86: 282 | AD86: 2870 | AE86: 7600 | AF86: 2.89 | AG86: W27x281 | AH86: 27 | AI86: 281
B87: W690x384 | C87: * | D87: 1 | F87: 3 | G87: 736 | H87: 362 | I87: 45 | J87: 24.9 | K87: 4.02 | L87: 25.9 | M87: 67 | N87: 33 | O87: 690 | P87: 384 | Q87: 49000 | R87: 4490 | S87: 12200 | T87: 303 | U87: 14000 | V87: 357 | W87: 1970 | X87: 85.3 | Y87: 3050 | Z87: 25700 | AA87: 42600 | AB87: 62500 | AC87: 255 | AD87: 2620 | AE87: 6930 | AF87: 2.87 | AG87: W27x258 | AH87: 27 | AI87: 258
B88: W690x350 | C88: * | D88: 1 | F88: 3 | G88: 728 | H88: 360 | I88: 40.9 | J88: 23.1 | K88: 4.4 | L88: 28 | M88: 63 | N88: 32 | O88: 690 | P88: 350 | Q88: 44700 | R88: 4030 | S88: 11100 | T88: 300 | U88: 12600 | V88: 319 | W88: 1770 | X88: 84.4 | Y88: 2740 | Z88: 19500 | AA88: 37600 | AB88: 61800 | AC88: 228 | AD88: 2370 | AE88: 6260 | AF88: 2.85 | AG88: W27x235 | AH88: 27 | AI88: 235
B89: W690x323 | C89: * | D89: 1 | F89: 3 | G89: 722 | H89: 359 | I89: 38.1 | J89: 21.1 | K89: 4.71 | L89: 30.6 | M89: 60 | N89: 31 | O89: 690 | P89: 323 | Q89: 41300 | R89: 3710 | S89: 10300 | T89: 300 | U89: 11700 | V89: 294 | W89: 1640 | X89: 84.4 | Y89: 2530 | Z89: 15700 | AA89: 34400 | AB89: 61400 | AC89: 210 | AD89: 2200 | AE89: 5780 | AF89: 2.84 | AG89: W27x217 | AH89: 27 | AI89: 217
B90: W690x289 | C90: * | D90: 1 | F90: 3 | G90: 714 | H90: 356 | I90: 34 | J90: 19 | K90: 5.24 | L90: 34 | M90: 56 | N90: 30 | O90: 690 | P90: 289 | Q90: 36800 | R90: 3260 | S90: 9140 | T90: 298 | U90: 10300 | V90: 256 | W90: 1440 | X90: 83.4 | Y90: 2220 | Z90: 11200 | AA90: 29600 | AB90: 60500 | AC90: 183 | AD90: 1950 | AE90: 5110 | AF90: 2.81 | AG90: W27x194 | AH90: 27 | AI90: 194
B91: W690x265 | C91: * | D91: 1 | F91: 3 | G91: 706 | H91: 358 | I91: 30.2 | J91: 18.4 | K91: 5.93 | L91: 35.1 | M91: 52 | N91: 30 | O91: 690 | P91: 265 | Q91: 33800 | R91: 2920 | S91: 8270 | T91: 294 | U91: 9330 | V91: 231 | W91: 1290 | X91: 82.7 | Y91: 1990 | Z91: 8340 | AA91: 26400 | AB91: 60500 | AC91: 163 | AD91: 1730 | AE91: 4610 | AF91: 2.81 | AG91: W27x178 | AH91: 27 | AI91: 178
B92: W690x240 | C92: * | D92: 1 | F92: 3 | G92: 701 | H92: 356 | I92: 27.4 | J92: 16.8 | K92: 6.5 | L92: 38.5 | M92: 49 | N92: 29 | O92: 690 | P92: 240 | Q92: 30700 | R92: 2630 | S92: 7490 | T92: 292 | U92: 8430 | V92: 206 | W92: 1160 | X92: 82 | Y92: 1790 | Z92: 6270 | AA92: 23400 | AB92: 60000 | AC92: 146 | AD92: 1570 | AE92: 4160 | AF92: 2.79 | AG92: W27x161 | AH92: 27 | AI92: 161
B93: W690x217 | C93: * | D93: 1 | F93: 3 | G93: 695 | H93: 355 | I93: 24.8 | J93: 15.4 | K93: 7.16 | L93: 41.9 | M93: 47 | N93: 28 | O93: 690 | P93: 217 | Q93: 27900 | R93: 2360 | S93: 6790 | T93: 291 | U93: 7610 | V93: 185 | W93: 1040 | X93: 81.5 | Y93: 1610 | Z93: 4720 | AA93: 20800 | AB93: 59500 | AC93: 131 | AD93: 1410 | AE93: 3750 | AF93: 2.78 | AG93: W27x146 | AH93: 27 | AI93: 146
A94: * | B94: W690x192 | C94: * | D94: 1 | F94: 3 | G94: 702 | H94: 254 | I94: 27.9 | J94: 15.5 | K94: 4.55 | L94: 41.7 | M94: 50 | N94: 28 | O94: 690 | P94: 192 | Q94: 24400 | R94: 1980 | S94: 5640 | T94: 285 | U94: 6460 | V94: 76.4 | W94: 602 | X94: 56 | Y94: 941 | Z94: 4620 | AA94: 8680 | AB94: 42800 | AC94: 75.8 | AD94: 1120 | AE94: 3200 | AF94: 2.39 | AG94: W27x129 | AH94: 27 | AI94: 129
B95: W690x170 | C95: * | D95: 1 | F95: 3 | G95: 693 | H95: 256 | I95: 23.6 | J95: 14.5 | K95: 5.42 | L95: 44.5 | M95: 45 | N95: 28 | O95: 690 | P95: 170 | Q95: 21600 | R95: 1700 | S95: 4910 | T95: 280 | U95: 5620 | V95: 66.2 | W95: 517 | X95: 55.3 | Y95: 809 | Z95: 3050 | AA95: 7410 | AB95: 42800 | AC95: 64.7 | AD95: 954 | AE95: 2780 | AF95: 2.38 | AG95: W27x114 | AH95: 27 | AI95: 114
B96: W690x152 | C96: * | D96: 1 | F96: 3 | G96: 688 | H96: 254 | I96: 21.1 | J96: 13.1 | K96: 6.02 | L96: 49.3 | M96: 43 | N96: 27 | O96: 690 | P96: 152 | Q96: 19400 | R96: 1510 | S96: 4380 | T96: 279 | U96: 5000 | V96: 57.8 | W96: 455 | X96: 54.6 | Y96: 710 | Z96: 2200 | AA96: 6420 | AB96: 42300 | AC96: 56.7 | AD96: 847 | AE96: 2470 | AF96: 2.37 | AG96: W27x102 | AH96: 27 | AI96: 102
B97: W690x140 | C97: * | D97: 1 | F97: 3 | G97: 684 | H97: 254 | I97: 18.9 | J97: 12.4 | K97: 6.72 | L97: 52.1 | M97: 41 | N97: 27 | O97: 690 | P97: 140 | Q97: 17800 | R97: 1360 | S97: 3980 | T97: 276 | U97: 4550 | V97: 51.7 | W97: 407 | X97: 53.9 | Y97: 636 | Z97: 1670 | AA97: 5720 | AB97: 42200 | AC97: 50.7 | AD97: 759 | AE97: 2240 | AF97: 2.36 | AG97: W27x94 | AH97: 27 | AI97: 94
B98: W690x125 | C98: * | D98: 1 | F98: 3 | G98: 678 | H98: 253 | I98: 16.3 | J98: 11.7 | K98: 7.76 | L98: 55.2 | M98: 38 | N98: 26 | O98: 690 | P98: 125 | Q98: 16000 | R98: 1190 | S98: 3500 | T98: 272 | U98: 4010 | V98: 44.1 | W98: 349 | X98: 52.5 | Y98: 546 | Z98: 1180 | AA98: 4830 | AB98: 41900 | AC98: 43.1 | AD98: 651 | AE98: 1970 | AF98: 2.34 | AG98: W27x84 | AH98: 27 | AI98: 84
A99: * | B99: W610x551 | C99: * | D99: 1 | F99: 3 | G99: 711 | H99: 347 | I99: 69.1 | J99: 38.6 | K99: 2.51 | L99: 14.8 | M99: 91 | N99: 40 | O99: 610 | P99: 551 | Q99: 70200 | R99: 5570 | S99: 15700 | T99: 282 | U99: 18600 | V99: 484 | W99: 2790 | X99: 83 | Y99: 4380 | Z99: 83800 | AA99: 49900 | AB99: 55700 | AC99: 334 | AD99: 3420 | AE99: 9280 | AF99: 2.73 | AG99: W24x370 | AH99: 24 | AI99: 370
B100: W610x498 | C100: * | D100: 1 | F100: 3 | G100: 699 | H100: 343 | I100: 63 | J100: 35.1 | K100: 2.72 | L100: 16.3 | M100: 85 | N100: 38 | O100: 610 | P100: 498 | Q100: 63500 | R100: 4950 | S100: 14200 | T100: 279 | U100: 16700 | V100: 426 | W100: 2480 | X100: 81.9 | Y100: 3890 | Z100: 63200 | AA100: 43100 | AB100: 54500 | AC100: 295 | AD100: 3080 | AE100: 8310 | AF100: 2.7 | AG100: W24x335 | AH100: 24 | AI100: 335
...

Sheet 2L
A1: Prp | B1: Dsg | C1: Avl | D1: Shp | E1: Grp | F1: D | G1: B | H1: T | I1: Ryp | J1: BT | K1: DT | L1: K | M1: TanA | N1: Mass | O1: A | P1: Ix | Q1: Sx | R1: Rx | S1: Y | T1: Ry0 | U1: Ry8 | V1: Ry10 | W1: Ry12 | X1: Ry16 | Y1: Ry20 | Z1: Yo | AA1: J | AB1: Cw | AC1: SA | AD1: Ds_i | AE1: Wt_i
P2: 10^6 | Q2: 10^3 | AA2: 10^3 | AB2: 10^9
A3: 2L: Double Angles | F3: mm | G3: mm | H3: mm | I3: mm | L3: mm | N3: kg/m | O3: mm^2 | P3: mm^4 | Q3: mm^3 | R3: mm | S3: mm | T3: mm | U3: mm | V3: mm | W3: mm | X3: mm | Y3: mm | Z3: mm | AA3: mm^4 | AB3: mm^6 | AC3: m | AE3: lb/ft
A4: Short Legs Back-to-Back
A5: * | B5: 2L203x152x25 | C5: * | D5: 11 | E5: 3 | F5: 152 | G5: 203 | H5: 25.4 | I5: 32.4 | J5: 7.99 | K5: 5.98 | L5: 40 | M5: 0.541 | N5: 131 | O5: 16700 | P5: 32 | Q5: 291 | R5: 43.7 | S5: 41.9 | T5: 92.4 | U5: 95.4 | V5: 96.1 | W5: 96.9 | X5: 98.4 | Y5: 100 | Z5: 29.2 | AA5: 3600 | AB5: 8.73 | AC5: 1.42 | AD5: 2L8x6x1.000 | AE5: 88.3
B6: 2L203x152x22 | C6: * | D6: 11 | E6: 3 | F6: 152 | G6: 203 | H6: 22.2 | I6: 32.5 | J6: 9.14 | K6: 6.85 | L6: 36 | M6: 0.545 | N6: 116 | O6: 14800 | P6: 28.8 | Q6: 259 | R6: 44.1 | S6: 40.7 | T6: 91.9 | U6: 94.8 | V6: 95.6 | W6: 96.3 | X6: 97.8 | Y6: 99.3 | Z6: 29.6 | AA6: 2430 | AB6: 6 | AC6: 1.42 | AD6: 2L8x6x0.875 | AE6: 77.9
B7: 2L203x152x19 | C7: * | D7: 11 | E7: 2 | F7: 152 | G7: 203 | H7: 19.1 | I7: 32.6 | J7: 10.6 | K7: 7.96 | L7: 34 | M7: 0.549 | N7: 101 | O7: 12800 | P7: 25.4 | Q7: 226 | R7: 44.5 | S7: 39.6 | T7: 91.4 | U7: 94.3 | V7: 95 | W7: 95.7 | X7: 97.2 | Y7: 98.8 | Z7: 30.1 | AA7: 1560 | AB7: 3.92 | AC7: 1.42 | AD7: 2L8x6x0.750 | AE7: 67.7
B8: 2L203x152x16 | C8: * | D8: 11 | E8: 2 | F8: 152 | G8: 203 | H8: 15.9 | I8: 32.8 | J8: 12.8 | K8: 9.56 | L8: 30 | M8: 0.553 | N8: 84.6 | O8: 10800 | P8: 21.8 | Q8: 192 | R8: 44.9 | S8: 38.5 | T8: 90.9 | U8: 93.7 | V8: 94.5 | W8: 95.2 | X8: 96.7 | Y8: 98.2 | Z8: 30.5 | AA8: 909 | AB8: 2.32 | AC8: 1.42 | AD8: 2L8x6x0.625 | AE8: 56.9
B9: 2L203x152x14 | C9: * | D9: 11 | E9: 2 | F9: 152 | G9: 203 | H9: 14.3 | I9: 32.9 | J9: 14.2 | K9: 10.6 | L9: 28 | M9: 0.554 | N9: 76.5 | O9: 9740 | P9: 19.9 | Q9: 174 | R9: 45.2 | S9: 37.9 | T9: 90.6 | U9: 93.5 | V9: 94.2 | W9: 94.9 | X9: 96.4 | Y9: 97.9 | Z9: 30.7 | AA9: 664 | AB9: 1.71 | AC9: 1.42 | AD9: 2L8x6x0.563 | AE9: 51.4
B10: 2L203x152x13 | C10: * | D10: 11 | E10: 1 | F10: 152 | G10: 203 | H10: 12.7 | I10: 33 | J10: 16 | K10: 12 | L10: 26 | M10: 0.556 | N10: 68.3 | O10: 8690 | P10: 17.9 | Q10: 156 | R10: 45.4 | S10: 37.3 | T10: 90.4 | U10: 93.2 | V10: 93.9 | W10: 94.6 | X10: 96.1 | Y10: 97.6 | Z10: 30.9 | AA10: 467 | AB10: 1.22 | AC10: 1.42 | AD10: 2L8x6x0.500 | AE10: 45.9
A11: * | B11: 2L203x102x25 | C11: * | D11: 11 | E11: 3 | F11: 102 | G11: 203 | H11: 25.4 | I11: 21.6 | J11: 7.99 | K11: 4.02 | L11: 40 | M11: 0.249 | N11: 111 | O11: 14200 | P11: 9.81 | Q11: 130 | R11: 26.3 | S11: 26.7 | T11: 100 | U11: 103 | V11: 104 | W11: 105 | X11: 106 | Y11: 108 | Z11: 14 | AA11: 3050 | AB11: 6.92 | AC11: 1.22 | AD11: 2L8x4x1.000 | AE11: 74.9
B12: 2L203x102x19 | C12: * | D12: 11 | E12: 2 | F12: 102 | G12: 203 | H12: 19.1 | I12: 21.7 | J12: 10.6 | K12: 5.34 | L12: 34 | M12: 0.26 | N12: 85.7 | O12: 10900 | P12: 7.9 | Q12: 102 | R12: 26.9 | S12: 24.3 | T12: 98.9 | U12: 102 | V12: 103 | W12: 104 | X12: 105 | Y12: 107 | Z12: 14.8 | AA12: 1330 | AB12: 3.11 | AC12: 1.22 | AD12: 2L8x4x0.750 | AE12: 57.6
B13: 2L203x102x13 | C13: * | D13: 11 | E13: 1 | F13: 102 | G13: 203 | H13: 12.7 | I13: 22.1 | J13: 16 | K13: 8.03 | L13: 26 | M13: 0.269 | N13: 58.3 | O13: 7420 | P13: 5.67 | Q13: 70.9 | R13: 27.6 | S13: 21.9 | T13: 97.8 | U13: 101 | V13: 102 | W13: 102 | X13: 104 | Y13: 105 | Z13: 15.6 | AA13: 399 | AB13: 0.965 | AC13: 1.22 | AD13: 2L8x4x0.500 | AE13: 39.2
A14: * | B14: 2L178x102x19 | C14: * | D14: 11 | E14: 2 | F14: 102 | G14: 178 | H14: 19.1 | I14: 21.9 | J14: 9.32 | K14: 5.34 | L14: 34 | M14: 0.325 | N14: 78.2 | O14: 9970 | P14: 7.64 | Q14: 100 | R14: 27.7 | S14: 25.8 | T14: 85.1 | U14: 88.1 | V14: 88.9 | W14: 89.7 | X14: 91.3 | Y14: 92.8 | Z14: 16.2 | AA14: 1210 | AB14: 2.16 | AC14: 1.12 | AD14: 2L7x4x0.750 | AE14: 52.6
B15: 2L178x102x16 | C15: * | D15: 11 | E15: 2 | F15: 102 | G15: 178 | H15: 15.9 | I15: 22.1 | J15: 11.2 | K15: 6.42 | L15: 30 | M15: 0.331 | N15: 65.9 | O15: 8400 | P15: 6.61 | Q15: 85.4 | R15: 28.1 | S15: 24.6 | T15: 84.5 | U15: 87.5 | V15: 88.3 | W15: 89.1 | X15: 90.6 | Y15: 92.2 | Z15: 16.6 | AA15: 708 | AB15: 1.28 | AC15: 1.12 | AD15: 2L7x4x0.625 | AE15: 44.3
B16: 2L178x102x13 | D16: 11 | E16: 1 | F16: 102 | G16: 178 | H16: 12.7 | I16: 22.2 | J16: 14 | K16: 8.03 | L16: 26 | M16: 0.336 | N16: 53.3 | O16: 6790 | P16: 5.5 | Q16: 69.9 | R16: 28.5 | S16: 23.4 | T16: 84 | U16: 86.9 | V16: 87.7 | W16: 88.5 | X16: 90 | Y16: 91.5 | Z16: 17 | AA16: 365 | AB16: 0.675 | AC16: 1.12 | AD16: 2L7x4x0.500 | AE16: 35.8
B17: 2L178x102x11 | C17: * | D17: 11 | E17: 1 | F17: 102 | G17: 178 | H17: 11.1 | I17: 22.3 | J17: 16 | K17: 9.19 | L17: 26 | M17: 0.339 | N17: 46.9 | O17: 5970 | P17: 4.9 | Q17: 61.9 | R17: 28.7 | S17: 22.8 | T17: 83.7 | U17: 86.6 | V17: 87.4 | W17: 88.2 | X17: 89.7 | Y17: 91.2 | Z17: 17.2 | AA17: 245 | AB17: 0.458 | AC17: 1.12 | AD17: 2L7x4x0.438 | AE17: 31.5
B18: 2L178x102x9.5 | D18: 11 | E18: 1 | F18: 102 | G18: 178 | H18: 9.53 | I18: 22.4 | J18: 18.7 | K18: 10.7 | L18: 24 | M18: 0.341 | N18: 40.5 | O18: 5160 | P18: 4.3 | Q18: 53.9 | R18: 28.9 | S18: 22.2 | T18: 83.4 | U18: 86.4 | V18: 87.1 | W18: 87.9 | X18: 89.4 | Y18: 90.9 | Z18: 17.4 | AA18: 156 | AB18: 0.294 | AC18: 1.12 | AD18: 2L7x4x0.375 | AE18: 27.2
A19: * | B19: 2L152x102x22 | C19: * | D19: 11 | E19: 3 | F19: 102 | G19: 152 | H19: 22.2 | I19: 21.9 | J19: 6.85 | K19: 4.59 | L19: 36 | M19: 0.427 | N19: 80.8 | O19: 10300 | P19: 8.2 | Q19: 112 | R19: 28.2 | S19: 28.7 | T19: 71.5 | U19: 74.5 | V19: 75.3 | W19: 76.1 | X19: 77.6 | Y19: 79.2 | Z19: 17.6 | AA19: 1690 | AB19: 2.16 | AC19: 1.02 | AD19: 2L6x4x0.875 | AE19: 54.3
B20: 2L152x102x19 | D20: 11 | E20: 2 | F20: 102 | G20: 152 | H20: 19.1 | I20: 21.9 | J20: 7.96 | K20: 5.34 | L20: 34 | M20: 0.434 | N20: 70.4 | O20: 8970 | P20: 7.32 | Q20: 98.3 | R20: 28.6 | S20: 27.5 | T20: 70.9 | U20: 73.9 | V20: 74.7 | W20: 75.5 | X20: 77 | Y20: 78.6 | Z20: 18 | AA20: 1090 | AB20: 1.42 | AC20: 1.02 | AD20: 2L6x4x0.750 | AE20: 47.3
B21: 2L152x102x16 | D21: 11 | E21: 2 | F21: 102 | G21: 152 | H21: 15.9 | I21: 22 | J21: 9.56 | K21: 6.42 | L21: 30 | M21: 0.44 | N21: 59.4 | O21: 7570 | P21: 6.34 | Q21: 83.8 | R21: 28.9 | S21: 26.4 | T21: 70.3 | U21: 73.3 | V21: 74.1 | W21: 74.8 | X21: 76.4 | Y21: 77.9 | Z21: 18.4 | AA21: 638 | AB21: 0.853 | AC21: 1.02 | AD21: 2L6x4x0.625 | AE21: 39.9
B22: 2L152x102x14 | C22: * | D22: 11 | E22: 2 | F22: 102 | G22: 152 | H22: 14.3 | I22: 22.1 | J22: 10.6 | K22: 7.13 | L22: 28 | M22: 0.443 | N22: 53.8 | O22: 6860 | P22: 5.82 | Q22: 76.4 | R22: 29.1 | S22: 25.8 | T22: 70.1 | U22: 73 | V22: 73.8 | W22: 74.5 | X22: 76.1 | Y22: 77.6 | Z22: 18.7 | AA22: 467 | AB22: 0.632 | AC22: 1.02 | AD22: 2L6x4x0.563 | AE22: 36.2
B23: 2L152x102x13 | D23: 11 | E23: 1 | F23: 102 | G23: 152 | H23: 12.7 | I23: 22.2 | J23: 12 | K23: 8.03 | L23: 26 | M23: 0.446 | N23: 48.1 | O23: 6130 | P23: 5.28 | Q23: 68.7 | R23: 29.3 | S23: 25.2 | T23: 69.8 | U23: 72.7 | V23: 73.5 | W23: 74.2 | X23: 75.8 | Y23: 77.3 | Z23: 18.9 | AA23: 330 | AB23: 0.451 | AC23: 1.02 | AD23: 2L6x4x0.500 | AE23: 32.3
B24: 2L152x102x11 | C24: * | D24: 11 | E24: 1 | F24: 102 | G24: 152 | H24: 11.1 | I24: 22.3 | J24: 13.7 | K24: 9.19 | L24: 26 | M24: 0.449 | N24: 42.3 | O24: 5390 | P24: 4.71 | Q24: 60.9 | R24: 29.6 | S24: 24.6 | T24: 69.5 | U24: 72.4 | V24: 73.2 | W24: 73.9 | X24: 75.5 | Y24: 77 | Z24: 19.1 | AA24: 221 | AB24: 0.307 | AC24: 1.02 | AD24: 2L6x4x0.438 | AE24: 28.4
B25: 2L152x102x9.5 | D25: 11 | E25: 1 | F25: 102 | G25: 152 | H25: 9.53 | I25: 22.4 | J25: 15.9 | K25: 10.7 | L25: 24 | M25: 0.451 | N25: 36.6 | O25: 4660 | P25: 4.13 | Q25: 53 | R25: 29.8 | S25: 24.1 | T25: 69.3 | U25: 72.2 | V25: 72.9 | W25: 73.7 | X25: 75.2 | Y25: 76.7 | Z25: 19.3 | AA25: 141 | AB25: 0.198 | AC25: 1.02 | AD25: 2L6x4x0.375 | AE25: 24.6
B26: 2L152x102x7.9 | D26: 11 | E26: 1 | F26: 102 | G26: 152 | H26: 7.94 | I26: 22.5 | J26: 19.1 | K26: 12.8 | L26: 22 | M26: 0.454 | N26: 30.7 | O26: 3910 | P26: 3.51 | Q26: 44.7 | R26: 30 | S26: 23.5 | T26: 69 | U26: 71.9 | V26: 72.6 | W26: 73.4 | X26: 74.9 | Y26: 76.4 | Z26: 19.5 | AA26: 82.1 | AB26: 0.116 | AC26: 1.02 | AD26: 2L6x4x0.313 | AE26: 20.6
A27: * | B27: 2L152x89x16 | D27: 11 | E27: 2 | F27: 88.9 | G27: 152 | H27: 15.9 | I27: 19.1 | J27: 9.56 | K27: 5.59 | L27: 30 | M27: 0.339 | N27: 56.2 | O27: 7160 | P27: 4.23 | Q27: 63.6 | R27: 24.3 | S27: 22.4 | T27: 72.3 | U27: 75.3 | V27: 76.1 | W27: 76.9 | X27: 78.5 | Y27: 80.1 | Z27: 14.4 | AA27: 603 | AB27: 0.786 | AC27: 0.964 | AD27: 2L6x3.5x0.625 | AE27: 37.7
B28: 2L152x89x13 | D28: 11 | E28: 1 | F28: 88.9 | G28: 152 | H28: 12.7 | I28: 19.3 | J28: 12 | K28: 7 | L28: 26 | M28: 0.345 | N28: 45.5 | O28: 5800 | P28: 3.54 | Q28: 52.2 | R28: 24.7 | S28: 21.2 | T28: 71.7 | U28: 74.7 | V28: 75.5 | W28: 76.3 | X28: 77.8 | Y28: 79.4 | Z28: 14.8 | AA28: 312 | AB28: 0.416 | AC28: 0.964 | AD28: 2L6x3.5x0.500 | AE28: 30.6
B29: 2L152x89x9.5 | D29: 11 | E29: 1 | F29: 88.9 | G29: 152 | H29: 9.53 | I29: 19.5 | J29: 15.9 | K29: 9.33 | L29: 24 | M29: 0.351 | N29: 34.6 | O29: 4410 | P29: 2.78 | Q29: 40.4 | R29: 25.1 | S29: 20 | T29: 71.2 | U29: 74.2 | V29: 74.9 | W29: 75.7 | X29: 77.2 | Y29: 78.7 | Z29: 15.2 | AA29: 134 | AB29: 0.182 | AC29: 0.964 | AD29: 2L6x3.5x0.375 | AE29: 23.3
B30: 2L152x89x7.9 | D30: 11 | E30: 1 | F30: 88.9 | G30: 152 | H30: 7.94 | I30: 19.6 | J30: 19.1 | K30: 11.2 | L30: 22 | M30: 0.354 | N30: 29 | O30: 3700 | P30: 2.37 | Q30: 34.1 | R30: 25.3 | S30: 19.4 | T30: 70.9 | U30: 73.9 | V30: 74.6 | W30: 75.4 | X30: 76.9 | Y30: 78.4 | Z30: 15.4 | AA30: 77.7 | AB30: 0.107 | AC30: 0.964 | AD30: 2L6x3.5x0.313 | AE30: 19.5
A31: * | B31: 2L127x89x19 | C31: * | D31: 11 | E31: 2 | F31: 88.9 | G31: 127 | H31: 19.1 | I31: 19 | J31: 6.65 | K31: 4.65 | L31: 32 | M31: 0.464 | N31: 59 | O31: 7520 | P31: 4.63 | Q31: 72.8 | R31: 24.8 | S31: 25.3 | T31: 59.3 | U31: 62.3 | V31: 63.1 | W31: 63.9 | X31: 65.5 | Y31: 67.1 | Z31: 15.8 | AA31: 914 | AB31: 0.821 | AC31: 0.864 | AD31: 2L5x3.5x0.750 | AE31: 39.7
B32: 2L127x89x16 | C32: * | D32: 11 | E32: 2 | F32: 88.9 | G32: 127 | H32: 15.9 | I32: 19.1 | J32: 7.99 | K32: 5.59 | L32: 28 | M32: 0.472 | N32: 49.9 | O32: 6360 | P32: 4.03 | Q32: 62.2 | R32: 25.2 | S32: 24.2 | T32: 58.7 | U32: 61.7 | V32: 62.5 | W32: 63.2 | X32: 64.8 | Y32: 66.4 | Z32: 16.2 | AA32: 536 | AB32: 0.495 | AC32: 0.864 | AD32: 2L5x3.5x0.625 | AE32: 33.6
B33: 2L127x89x13 | D33: 11 | E33: 1 | F33: 88.9 | G33: 127 | H33: 12.7 | I33: 19.2 | J33: 10 | K33: 7 | L33: 24 | M33: 0.479 | N33: 40.5 | O33: 5160 | P33: 3.37 | Q33: 51.2 | R33: 25.6 | S33: 23 | T33: 58.1 | U33: 61.1 | V33: 61.9 | W33: 62.6 | X33: 64.2 | Y33: 65.7 | Z33: 16.7 | AA33: 277 | AB33: 0.264 | AC33: 0.864 | AD33: 2L5x3.5x0.500 | AE33: 27.2
B34: 2L127x89x9.5 | D34: 11 | E34: 1 | F34: 88.9 | G34: 127 | H34: 9.53 | I34: 19.3 | J34: 13.3 | K34: 9.33 | L34: 22 | M34: 0.486 | N34: 30.9 | O34: 3930 | P34: 2.65 | Q34: 39.6 | R34: 26 | S34: 21.9 | T34: 57.6 | U34: 60.5 | V34: 61.3 | W34: 62 | X34: 63.6 | Y34: 65.1 | Z34: 17.1 | AA34: 119 | AB34: 0.116 | AC34: 0.864 | AD34: 2L5x3.5x0.375 | AE34: 20.7
B35: 2L127x89x7.9 | D35: 11 | E35: 1 | F35: 88.9 | G35: 127 | H35: 7.94 | I35: 19.4 | J35: 16 | K35: 11.2 | L35: 20 | M35: 0.489 | N35: 25.9 | O35: 3300 | P35: 2.26 | Q35: 33.5 | R35: 26.2 | S35: 21.3 | T35: 57.4 | U35: 60.3 | V35: 61 | W35: 61.7 | X35: 63.3 | Y35: 64.8 | Z35: 17.3 | AA35: 69.4 | AB35: 0.0688 | AC35: 0.864 | AD35: 2L5x3.5x0.313 | AE35: 17.4
B36: 2L127x89x6.4 | D36: 11 | E36: 1 | F36: 88.9 | G36: 127 | H36: 6.35 | I36: 19.6 | J36: 20 | K36: 14 | L36: 18 | M36: 0.492 | N36: 20.9 | O36: 2660 | P36: 1.86 | Q36: 27.2 | R36: 26.4 | S36: 20.7 | T36: 57.1 | U36: 60 | V36: 60.7 | W36: 61.5 | X36: 63 | Y36: 64.5 | Z36: 17.5 | AA36: 35.8 | AB36: 0.036 | AC36: 0.864 | AD36: 2L5x3.5x0.250 | AE36: 14
A37: * | B37: 2L127x76x13 | D37: 11 | E37: 1 | F37: 76.2 | G37: 127 | H37: 12.7 | I37: 16.5 | J37: 10 | K37: 6 | L37: 24 | M37: 0.357 | N37: 38 | O37: 4840 | P37: 2.15 | Q37: 37.6 | R37: 21.1 | S37: 19.1 | T37: 60 | U37: 63 | V37: 63.8 | W37: 64.6 | X37: 66.2 | Y37: 67.8 | Z37: 12.7 | AA37: 260 | AB37: 0.239 | AC37: 0.813 | AD37: 2L5x3x0.500 | AE37: 25.5
B38: 2L127x76x11 | C38: * | D38: 11 | E38: 1 | F38: 76.2 | G38: 127 | H38: 11.1 | I38: 16.5 | J38: 11.4 | K38: 6.86 | L38: 24 | M38: 0.361 | N38: 33.5 | O38: 4260 | P38: 1.93 | Q38: 33.4 | R38: 21.3 | S38: 18.5 | T38: 59.7 | U38: 62.7 | V38: 63.5 | W38: 64.3 | X38: 65.8 | Y38: 67.4 | Z38: 12.9 | AA38: 175 | AB38: 0.163 | AC38: 0.813 | AD38: 2L5x3x0.438 | AE38: 22.5
B39: 2L127x76x9.5 | D39: 11 | E39: 1 | F39: 76.2 | G39: 127 | H39: 9.53 | I39: 16.6 | J39: 13.3 | K39: 8 | L39: 22 | M39: 0.364 | N39: 29 | O39: 3690 | P39: 1.7 | Q39: 29.1 | R39: 21.5 | S39: 17.9 | T39: 59.5 | U39: 62.4 | V39: 63.2 | W39: 64 | X39: 65.5 | Y39: 67.1 | Z39: 13.1 | AA39: 112 | AB39: 0.105 | AC39: 0.813 | AD39: 2L5x3x0.375 | AE39: 19.5
B40: 2L127x76x7.9 | D40: 11 | E40: 1 | F40: 76.2 | G40: 127 | H40: 7.94 | I40: 16.7 | J40: 16 | K40: 9.6 | L40: 20 | M40: 0.368 | N40: 24.3 | O40: 3100 | P40: 1.45 | Q40: 24.7 | R40: 21.7 | S40: 17.3 | T40: 59.2 | U40: 62.1 | V40: 62.9 | W40: 63.7 | X40: 65.2 | Y40: 66.8 | Z40: 13.3 | AA40: 65.2 | AB40: 0.0623 | AC40: 0.813 | AD40: 2L5x3x0.313 | AE40: 16.4
B41: 2L127x76x6.4 | D41: 11 | E41: 1 | F41: 76.2 | G41: 127 | H41: 6.35 | I41: 16.8 | J41: 20 | K41: 12 | L41: 18 | M41: 0.371 | N41: 19.6 | O41: 2500 | P41: 1.2 | Q41: 20.1 | R41: 21.9 | S41: 16.7 | T41: 58.9 | U41: 61.9 | V41: 62.6 | W41: 63.4 | X41: 64.9 | Y41: 66.4 | Z41: 13.5 | AA41: 33.6 | AB41: 0.0325 | AC41: 0.813 | AD41: 2L5x3x0.250 | AE41: 13.2
A42: * | B42: 2L102x89x13 | D42: 11 | E42: 1 | F42: 88.9 | G42: 102 | H42: 12.7 | I42: 18.4 | J42: 8.03 | K42: 7 | L42: 24 | M42: 0.744 | N42: 35.5 | O42: 4530 | P42: 3.16 | Q42: 49.7 | R42: 26.4 | S42: 25.4 | T42: 44.8 | U42: 47.7 | V42: 48.5 | W42: 49.3 | X42: 50.8 | Y42: 52.4 | Z42: 19 | AA42: 243 | AB42: 0.164 | AC42: 0.764 | AD42: 2L4x3.5x0.500 | AE42: 23.9
B43: 2L102x89x11 | C43: * | D43: 11 | E43: 1 | F43: 88.9 | G43: 102 | H43: 11.1 | I43: 18.4 | J43: 9.19 | K43: 8.01 | L43: 22 | M43: 0.746 | N43: 31.3 | O43: 3990 | P43: 2.83 | Q43: 44.1 | R43: 26.6 | S43: 24.8 | T43: 44.6 | U43: 47.5 | V43: 48.2 | W43: 49 | X43: 50.5 | Y43: 52.1 | Z43: 19.2 | AA43: 164 | AB43: 0.112 | AC43: 0.764 | AD43: 2L4x3.5x0.438 | AE43: 21.1
B44: 2L102x89x9.5 | D44: 11 | E44: 1 | F44: 88.9 | G44: 102 | H44: 9.53 | I44: 18.5 | J44: 10.7 | K44: 9.33 | L44: 20 | M44: 0.749 | N44: 27.1 | O44: 3460 | P44: 2.49 | Q44: 38.5 | R44: 26.8 | S44: 24.2 | T44: 44.3 | U44: 47.2 | V44: 47.9 | W44: 48.7 | X44: 50.2 | Y44: 51.8 | Z44: 19.5 | AA44: 105 | AB44: 0.0728 | AC44: 0.764 | AD44: 2L4x3.5x0.375 | AE44: 18.2
B45: 2L102x89x7.9 | D45: 11 | E45: 1 | F45: 88.9 | G45: 102 | H45: 7.94 | I45: 18.6 | J45: 12.8 | K45: 11.2 | L45: 18 | M45: 0.751 | N45: 22.8 | O45: 2910 | P45: 2.13 | Q45: 32.6 | R45: 27.1 | S45: 23.6 | T45: 44.1 | U45: 46.9 | V45: 47.6 | W45: 48.4 | X45: 49.9 | Y45: 51.4 | Z45: 19.7 | AA45: 61.1 | AB45: 0.0432 | AC45: 0.764 | AD45: 2L4x3.5x0.313 | AE45: 15.3
B46: 2L102x89x6.4 | D46: 11 | E46: 1 | F46: 88.9 | G46: 102 | H46: 6.35 | I46: 18.7 | J46: 16.1 | K46: 14 | L46: 18 | M46: 0.753 | N46: 18.4 | O46: 2340 | P46: 1.74 | Q46: 26.5 | R46: 27.3 | S46: 23.1 | T46: 43.8 | U46: 46.6 | V46: 47.4 | W46: 48.1 | X46: 49.6 | Y46: 51.1 | Z46: 19.9 | AA46: 31.5 | AB46: 0.0227 | AC46: 0.764 | AD46: 2L4x3.5x0.250 | AE46: 12.4
A47: * | B47: 2L102x76x16 | C47: * | D47: 11 | E47: 2 | F47: 76.2 | G47: 102 | H47: 15.9 | I47: 16.2 | J47: 6.42 | K47: 4.79 | L47: 26 | M47: 0.529 | N47: 40.5 | O47: 5160 | P47: 2.4 | Q47: 44.3 | R47: 21.6 | S47: 22.1 | T47: 47 | U47: 50.1 | V47: 50.9 | W47: 51.6 | X47: 53.2 | Y47: 54.9 | Z47: 14.2 | AA47: 435 | AB47: 0.257 | AC47: 0.713 | AD47: 2L4x3x0.625 | AE47: 27.2
B48: 2L102x76x13 | D48: 11 | E48: 1 | F48: 76.2 | G48: 102 | H48: 12.7 | I48: 16.2 | J48: 8.03 | K48: 6 | L48: 24 | M48: 0.538 | N48: 33 | O48: 4200 | P48: 2.02 | Q48: 36.6 | R48: 21.9 | S48: 21 | T48: 46.5 | U48: 49.4 | V48: 50.2 | W48: 51 | X48: 52.6 | Y48: 54.2 | Z48: 14.6 | AA48: 226 | AB48: 0.138 | AC48: 0.713 | AD48: 2L4x3x0.500 | AE48: 22.2
B49: 2L102x76x11 | C49: * | D49: 11 | E49: 1 | F49: 76.2 | G49: 102 | H49: 11.1 | I49: 16.3 | J49: 9.19 | K49: 6.86 | L49: 22 | M49: 0.543 | N49: 29.1 | O49: 3710 | P49: 1.81 | Q49: 32.5 | R49: 22.1 | S49: 20.4 | T49: 46.2 | U49: 49.1 | V49: 49.9 | W49: 50.7 | X49: 52.2 | Y49: 53.8 | Z49: 14.8 | AA49: 152 | AB49: 0.095 | AC49: 0.713 | AD49: 2L4x3x0.438 | AE49: 19.6
B50: 2L102x76x9.5 | D50: 11 | E50: 1 | F50: 76.2 | G50: 102 | H50: 9.53 | I50: 16.4 | J50: 10.7 | K50: 8 | L50: 20 | M50: 0.547 | N50: 25.2 | O50: 3210 | P50: 1.6 | Q50: 28.4 | R50: 22.3 | S50: 19.8 | T50: 45.9 | U50: 48.9 | V50: 49.6 | W50: 50.4 | X50: 51.9 | Y50: 53.5 | Z50: 15.1 | AA50: 97.3 | AB50: 0.0617 | AC50: 0.713 | AD50: 2L4x3x0.375 | AE50: 17
B51: 2L102x76x7.9 | D51: 11 | E51: 1 | F51: 76.2 | G51: 102 | H51: 7.94 | I51: 16.5 | J51: 12.8 | K51: 9.6 | L51: 18 | M51: 0.55 | N51: 21.2 | O51: 2700 | P51: 1.37 | Q51: 24.1 | R51: 22.5 | S51: 19.2 | T51: 45.7 | U51: 48.6 | V51: 49.3 | W51: 50.1 | X51: 51.6 | Y51: 53.2 | Z51: 15.3 | AA51: 56.8 | AB51: 0.0367 | AC51: 0.713 | AD51: 2L4x3x0.313 | AE51: 14.3
B52: 2L102x76x6.4 | D52: 11 | E52: 1 | F52: 76.2 | G52: 102 | H52: 6.35 | I52: 16.6 | J52: 16.1 | K52: 12 | L52: 18 | M52: 0.554 | N52: 17.1 | O52: 2180 | P52: 1.13 | Q52: 19.6 | R52: 22.7 | S52: 18.7 | T52: 45.4 | U52: 48.3 | V52: 49 | W52: 49.8 | X52: 51.3 | Y52: 52.9 | Z52: 15.5 | AA52: 29.3 | AB52: 0.0193 | AC52: 0.713 | AD52: 2L4x3x0.250 | AE52: 11.5
A53: * | B53: 2L89x76x13 | D53: 11 | E53: 1 | F53: 76.2 | G53: 88.9 | H53: 12.7 | I53: 15.8 | J53: 7 | K53: 6 | L53: 24 | M53: 0.714 | N53: 30.4 | O53: 3870 | P53: 1.94 | Q53: 35.9 | R53: 22.4 | S53: 22.2 | T53: 39.5 | U53: 42.5 | V53: 43.2 | W53: 44 | X53: 45.6 | Y53: 47.2 | Z53: 15.9 | AA53: 208 | AB53: 0.103 | AC53: 0.66 | AD53: 2L3.5x3x0.500 | AE53: 20.4
B54: 2L89x76x9.5 | D54: 11 | E54: 1 | F54: 76.2 | G54: 88.9 | H54: 9.53 | I54: 15.9 | J54: 9.33 | K54: 8 | L54: 20 | M54: 0.721 | N54: 23.3 | O54: 2970 | P54: 1.54 | Q54: 27.9 | R54: 22.8 | S54: 21.1 | T54: 39 | U54: 41.9 | V54: 42.6 | W54: 43.4 | X54: 45 | Y54: 46.6 | Z54: 16.3 | AA54: 89.8 | AB54: 0.0462 | AC54: 0.66 | AD54: 2L3.5x3x0.375 | AE54: 15.6
B55: 2L89x76x7.9 | D55: 11 | E55: 1 | F55: 76.2 | G55: 88.9 | H55: 7.94 | I55: 15.9 | J55: 11.2 | K55: 9.6 | L55: 18 | M55: 0.724 | N55: 19.6 | O55: 2500 | P55: 1.32 | Q55: 23.7 | R55: 23 | S55: 20.5 | T55: 38.7 | U55: 41.6 | V55: 42.3 | W55: 43.1 | X55: 44.6 | Y55: 46.2 | Z55: 16.5 | AA55: 52.4 | AB55: 0.0275 | AC55: 0.66 | AD55: 2L3.5x3x0.313 | AE55: 13.2
B56: 2L89x76x6.4 | D56: 11 | E56: 1 | F56: 76.2 | G56: 88.9 | H56: 6.35 | I56: 16 | J56: 14 | K56: 12 | L56: 18 | M56: 0.727 | N56: 15.8 | O56: 2020 | P56: 1.09 | Q56: 19.3 | R56: 23.2 | S56: 19.9 | T56: 38.5 | U56: 41.3 | V56: 42.1 | W56: 42.8 | X56: 44.3 | Y56: 45.9 | Z56: 16.8 | AA56: 27.1 | AB56: 0.0145 | AC56: 0.66 | AD56: 2L3.5x3x0.250 | AE56: 10.6
A57: * | B57: 2L89x64x13 | D57: 11 | E57: 1 | F57: 63.5 | G57: 88.9 | H57: 12.7 | I57: 13.6 | J57: 7 | K57: 5 | L57: 24 | M57: 0.486 | N57: 27.9 | O57: 3550 | P57: 1.14 | Q57: 24.9 | R57: 17.9 | S57: 17.9 | T57: 41.2 | U57: 44.2 | V57: 45 | W57: 45.8 | X57: 47.4 | Y57: 49.1 | Z57: 11.5 | AA57: 191 | AB57: 0.0853 | AC57: 0.61 | AD57: 2L3.5x2.5x0.500 | AE57: 18.7
B58: 2L89x64x9.5 | D58: 11 | E58: 1 | F58: 63.5 | G58: 88.9 | H58: 9.53 | I58: 13.6 | J58: 9.33 | K58: 6.66 | L58: 20 | M58: 0.496 | N58: 21.4 | O58: 2720 | P58: 0.908 | Q58: 19.4 | R58: 18.3 | S58: 16.8 | T58: 40.6 | U58: 43.6 | V58: 44.4 | W58: 45.2 | X58: 46.8 | Y58: 48.4 | Z58: 12 | AA58: 82.4 | AB58: 0.0384 | AC58: 0.61 | AD58: 2L3.5x2.5x0.375 | AE58: 14.4
B59: 2L89x64x7.9 | D59: 11 | E59: 1 | F59: 63.5 | G59: 88.9 | H59: 7.94 | I59: 13.7 | J59: 11.2 | K59: 8 | L59: 18 | M59: 0.501 | N59: 18 | O59: 2290 | P59: 0.782 | Q59: 16.5 | R59: 18.5 | S59: 16.2 | T59: 40.4 | U59: 43.3 | V59: 44.1 | W59: 44.9 | X59: 46.4 | Y59: 48 | Z59: 12.2 | AA59: 48.2 | AB59: 0.0229 | AC59: 0.61 | AD59: 2L3.5x2.5x0.313 | AE59: 12.1
B60: 2L89x64x6.4 | D60: 11 | E60: 1 | F60: 63.5 | G60: 88.9 | H60: 6.35 | I60: 13.8 | J60: 14 | K60: 10 | L60: 18 | M60: 0.506 | N60: 14.6 | O60: 1850 | P60: 0.647 | Q60: 13.5 | R60: 18.7 | S60: 15.6 | T60: 40.1 | U60: 43 | V60: 43.8 | W60: 44.5 | X60: 46.1 | Y60: 47.7 | Z60: 12.4 | AA60: 24.9 | AB60: 0.0121 | AC60: 0.61 | AD60: 2L3.5x2.5x0.250 | AE60: 9.78
A61: * | B61: 2L76x64x13 | C61: * | D61: 11 | E61: 1 | F61: 63.5 | G61: 76.2 | H61: 12.7 | I61: 13.2 | J61: 6 | K61: 5 | L61: 24 | M61: 0.667 | N61: 25.3 | O61: 3230 | P61: 1.08 | Q61: 24.4 | R61: 18.3 | S61: 19.1 | T61: 34.4 | U61: 37.4 | V61: 38.2 | W61: 39 | X61: 40.7 | Y61: 42.3 | Z61: 12.7 | AA61: 173 | AB61: 0.06 | AC61: 0.559 | AD61: 2L3x2.5x0.500 | AE61: 17
B62: 2L76x64x9.5 | D62: 11 | E62: 1 | F62: 63.5 | G62: 76.2 | H62: 9.53 | I62: 13.3 | J62: 8 | K62: 6.66 | L62: 20 | M62: 0.676 | N62: 19.5 | O62: 2480 | P62: 0.868 | Q62: 19 | R62: 18.7 | S62: 17.9 | T62: 33.8 | U62: 36.8 | V62: 37.6 | W62: 38.4 | X62: 40 | Y62: 41.6 | Z62: 13.2 | AA62: 75.1 | AB62: 0.0273 | AC62: 0.559 | AD62: 2L3x2.5x0.375 | AE62: 13.1
B63: 2L76x64x7.9 | D63: 11 | E63: 1 | F63: 63.5 | G63: 76.2 | H63: 7.94 | I63: 13.3 | J63: 9.6 | K63: 8 | L63: 18 | M63: 0.68 | N63: 16.4 | O63: 2090 | P63: 0.748 | Q63: 16.2 | R63: 18.9 | S63: 17.4 | T63: 33.6 | U63: 36.5 | V63: 37.3 | W63: 38.1 | X63: 39.6 | Y63: 41.3 | Z63: 13.4 | AA63: 44 | AB63: 0.0163 | AC63: 0.559 | AD63: 2L3x2.5x0.313 | AE63: 11
B64: 2L76x64x6.4 | D64: 11 | E64: 1 | F64: 63.5 | G64: 76.2 | H64: 6.35 | I64: 13.4 | J64: 12 | K64: 10 | L64: 18 | M64: 0.684 | N64: 13.3 | O64: 1690 | P64: 0.619 | Q64: 13.2 | R64: 19.1 | S64: 16.8 | T64: 33.3 | U64: 36.2 | V64: 37 | W64: 37.8 | X64: 39.3 | Y64: 40.9 | Z64: 13.6 | AA64: 22.8 | AB64: 0.00866 | AC64: 0.559 | AD64: 2L3x2.5x0.250 | AE64: 8.93
B65: 2L76x64x4.8 | C65: * | D65: 11 | E65: 1 | F65: 63.5 | G65: 76.2 | H65: 4.76 | I65: 13.5 | J65: 16 | K65: 13.3 | L65: 16 | M65: 0.688 | N65: 10.1 | O65: 1280 | P65: 0.48 | Q65: 10.2 | R65: 19.3 | S65: 16.2 | T65: 33.1 | U65: 36 | V65: 36.7 | W65: 37.5 | X65: 39 | Y65: 40.6 | Z65: 13.8 | AA65: 9.7 | AB65: 0.00378 | AC65: 0.559 | AD65: 2L3x2.5x0.188 | AE65: 6.78
A66: * | B66: 2L76x51x13 | D66: 11 | E66: 1 | F66: 50.8 | G66: 76.2 | H66: 12.7 | I66: 10.9 | J66: 6 | K66: 4 | L66: 22 | M66: 0.414 | N66: 22.8 | O66: 2900 | P66: 0.559 | Q66: 15.5 | R66: 13.9 | S66: 14.8 | T66: 36.2 | U66: 39.3 | V66: 40.1 | W66: 40.9 | X66: 42.6 | Y66: 44.3 | Z66: 8.47 | AA66: 156 | AB66: 0.0488 | AC66: 0.508 | AD66: 2L3x2x0.500 | AE66: 15.3
B67: 2L76x51x9.5 | D67: 11 | E67: 1 | F67: 50.8 | G67: 76.2 | H67: 9.53 | I67: 10.9 | J67: 8 | K67: 5.33 | L67: 18 | M67: 0.428 | N67: 17.6 | O67: 2240 | P67: 0.452 | Q67: 12.2 | R67: 14.2 | S67: 13.7 | T67: 35.6 | U67: 38.6 | V67: 39.4 | W67: 40.2 | X67: 41.9 | Y67: 43.5 | Z67: 8.92 | AA67: 67.8 | AB67: 0.0222 | AC67: 0.508 | AD67: 2L3x2x0.375 | AE67: 11.8
B68: 2L76x51x7.9 | D68: 11 | E68: 1 | F68: 50.8 | G68: 76.2 | H68: 7.94 | I68: 11 | J68: 9.6 | K68: 6.4 | L68: 16 | M68: 0.435 | N68: 14.8 | O68: 1890 | P68: 0.392 | Q68: 10.4 | R68: 14.4 | S68: 13.1 | T68: 35.3 | U68: 38.3 | V68: 39.1 | W68: 39.9 | X68: 41.5 | Y68: 43.2 | Z68: 9.14 | AA68: 39.7 | AB68: 0.0133 | AC68: 0.508 | AD68: 2L3x2x0.313 | AE68: 9.97
B69: 2L76x51x6.4 | D69: 11 | E69: 1 | F69: 50.8 | G69: 76.2 | H69: 6.35 | I69: 11 | J69: 12 | K69: 8 | L69: 16 | M69: 0.44 | N69: 12 | O69: 1530 | P69: 0.326 | Q69: 8.52 | R69: 14.6 | S69: 12.5 | T69: 35 | U69: 38 | V69: 38.8 | W69: 39.6 | X69: 41.2 | Y69: 42.8 | Z69: 9.36 | AA69: 20.6 | AB69: 0.00708 | AC69: 0.508 | AD69: 2L3x2x0.250 | AE69: 8.08
B70: 2L76x51x4.8 | D70: 11 | E70: 1 | F70: 50.8 | G70: 76.2 | H70: 4.76 | I70: 11.1 | J70: 16 | K70: 10.7 | L70: 14 | M70: 0.446 | N70: 9.14 | O70: 1160 | P70: 0.255 | Q70: 6.56 | R70: 14.8 | S70: 11.9 | T70: 34.8 | U70: 37.7 | V70: 38.5 | W70: 39.3 | X70: 40.8 | Y70: 42.5 | Z70: 9.57 | AA70: 8.79 | AB70: 0.00309 | AC70: 0.508 | AD70: 2L3x2x0.188 | AE70: 6.14
A71: * | B71: 2L64x51x9.5 | D71: 11 | E71: 1 | F71: 50.8 | G71: 63.5 | H71: 9.53 | I71: 10.7 | J71: 6.66 | K71: 5.33 | L71: 16 | M71: 0.614 | N71: 15.7 | O71: 2000 | P71: 0.428 | Q71: 11.9 | R71: 14.6 | S71: 14.8 | T71: 28.7 | U71: 31.8 | V71: 32.6 | W71: 33.4 | X71: 35 | Y71: 36.7 | Z71: 10 | AA71: 60.5 | AB71: 0.0144 | AC71: 0.457 | AD71: 2L2.5x2x0.375 | AE71: 10.5
B72: 2L64x51x7.9 | D72: 11 | E72: 1 | F72: 50.8 | G72: 63.5 | H72: 7.94 | I72: 10.7 | J72: 8 | K72: 6.4 | L72: 14 | M72: 0.62 | N72: 13.3 | O72: 1690 | P72: 0.372 | Q72: 10.2 | R72: 14.8 | S72: 14.2 | T72: 28.5 | U72: 31.5 | V72: 32.3 | W72: 33.1 | X72: 34.7 | Y72: 36.4 | Z72: 10.2 | AA72: 35.5 | AB72: 0.00872 | AC72: 0.457 | AD72: 2L2.5x2x0.313 | AE72: 8.91
B73: 2L64x51x6.4 | D73: 11 | E73: 1 | F73: 50.8 | G73: 63.5 | H73: 6.35 | I73: 10.8 | J73: 10 | K73: 8 | L73: 14 | M73: 0.626 | N73: 10.8 | O73: 1370 | P73: 0.31 | Q73: 8.34 | R73: 15 | S73: 13.6 | T73: 28.2 | U73: 31.2 | V73: 32 | W73: 32.7 | X73: 34.3 | Y73: 36 | Z73: 10.5 | AA73: 18.4 | AB73: 0.00466 | AC73: 0.457 | AD73: 2L2.5x2x0.250 | AE73: 7.23
B74: 2L64x51x4.8 | D74: 11 | E74: 1 | F74: 50.8 | G74: 63.5 | H74: 4.76 | I74: 10.9 | J74: 13.3 | K74: 10.7 | L74: 12 | M74: 0.631 | N74: 8.19 | O74: 1040 | P74: 0.242 | Q74: 6.42 | R74: 15.2 | S74: 13.1 | T74: 28 | U74: 30.9 | V74: 31.6 | W74: 32.4 | X74: 34 | Y74: 35.6 | Z74: 10.7 | AA74: 7.88 | AB74: 0.00205 | AC74: 0.457 | AD74: 2L2.5x2x0.188 | AE74: 5.5
A75: * | B75: 2L51x38x6.4 | D75: 11 | E75: 1 | F75: 38.1 | G75: 50.8 | H75: 6.35 | I75: 8.12 | J75: 8 | K75: 6 | L75: 14 | M75: 0.543 | N75: 8.23 | O75: 1050 | P75: 0.126 | Q75: 4.57 | R75: 11 | S75: 10.5 | T75: 23.1 | U75: 26.2 | V75: 27 | W75: 27.8 | X75: 29.5 | Y75: 31.2 | Z75: 7.33 | AA75: 14.1 | AB75: 0.00214 | AC75: 0.356 | AD75: 2L2x1.5x0.250 | AE75: 5.53
B76: 2L51x38x4.8 | D76: 11 | E76: 1 | F76: 38.1 | G76: 50.8 | H76: 4.76 | I76: 8.18 | J76: 10.7 | K76: 8 | L76: 12 | M76: 0.551 | N76: 6.29 | O76: 801 | P76: 0.0999 | Q76: 3.54 | R76: 11.2 | S76: 9.93 | T76: 22.9 | U76: 25.9 | V76: 26.6 | W76: 27.5 | X76: 29.1 | Y76: 30.8 | Z76: 7.55 | AA76: 6.05 | AB76: 0.000953 | AC76: 0.356 | AD76: 2L2x1.5x0.188 | AE76: 4.23
B77: 2L51x38x3.2 | D77: 11 | E77: 1 | F77: 38.1 | G77: 50.8 | H77: 3.18 | I77: 8.27 | J77: 16 | K77: 12 | L77: 10 | M77: 0.558 | N77: 4.28 | O77: 545 | P77: 0.0706 | Q77: 2.46 | R77: 11.4 | S77: 9.35 | T77: 22.6 | U77: 25.5 | V77: 26.3 | W77: 27.1 | X77: 28.7 | Y77: 30.4 | Z77: 7.76 | AA77: 1.84 | AB77: 0.0003 | AC77: 0.356 | AD77: 2L2x1.5x0.125 | AE77: 2.88
A78: Long Legs Back-to-Back
A79: * | B79: 2L203x152x25 | C79: * | D79: 12 | E79: 3 | F79: 203 | G79: 152 | H79: 25.4 | I79: 32.4 | J79: 5.98 | K79: 7.99 | L79: 40 | M79: 0.541 | N79: 131 | O79: 16700 | P79: 67 | Q79: 494 | R79: 63.3 | S79: 67.4 | T79: 60.6 | U79: 63.4 | V79: 64.1 | W79: 64.9 | X79: 66.3 | Y79: 67.9 | Z79: 54.7 | AA79: 3600 | AB79: 8.73 | AC79: 1.42 | AD79: 2L8x6x1.000 | AE79: 88.3
B80: 2L203x152x22 | C80: * | D80: 12 | E80: 3 | F80: 203 | G80: 152 | H80: 22.2 | I80: 32.5 | J80: 6.85 | K80: 9.14 | L80: 36 | M80: 0.545 | N80: 116 | O80: 14800 | P80: 59.9 | Q80: 438 | R80: 63.7 | S80: 66.2 | T80: 60.1 | U80: 62.8 | V80: 63.6 | W80: 64.3 | X80: 65.7 | Y80: 67.2 | Z80: 55.1 | AA80: 2430 | AB80: 6 | AC80: 1.42 | AD80: 2L8x6x0.875 | AE80: 77.9
B81: 2L203x152x19 | C81: * | D81: 12 | E81: 2 | F81: 203 | G81: 152 | H81: 19.1 | I81: 32.6 | J81: 7.96 | K81: 10.6 | L81: 34 | M81: 0.549 | N81: 101 | O81: 12800 | P81: 52.7 | Q81: 382 | R81: 64.1 | S81: 65.1 | T81: 59.6 | U81: 62.3 | V81: 63 | W81: 63.7 | X81: 65.2 | Y81: 66.7 | Z81: 55.6 | AA81: 1560 | AB81: 3.92 | AC81: 1.42 | AD81: 2L8x6x0.750 | AE81: 67.7
B82: 2L203x152x16 | C82: * | D82: 12 | E82: 2 | F82: 203 | G82: 152 | H82: 15.9 | I82: 32.8 | J82: 9.56 | K82: 12.8 | L82: 30 | M82: 0.553 | N82: 84.6 | O82: 10800 | P82: 44.9 | Q82: 323 | R82: 64.6 | S82: 64 | T82: 59.1 | U82: 61.8 | V82: 62.5 | W82: 63.2 | X82: 64.6 | Y82: 66.1 | Z82: 56 | AA82: 909 | AB82: 2.32 | AC82: 1.42 | AD82: 2L8x6x0.625 | AE82: 56.9
B83: 2L203x152x14 | C83: * | D83: 12 | E83: 2 | F83: 203 | G83: 152 | H83: 14.3 | I83: 32.9 | J83: 10.6 | K83: 14.2 | L83: 28 | M83: 0.554 | N83: 76.5 | O83: 9740 | P83: 40.9 | Q83: 293 | R83: 64.8 | S83: 63.4 | T83: 58.9 | U83: 61.6 | V83: 62.3 | W83: 63 | X83: 64.4 | Y83: 65.8 | Z83: 56.2 | AA83: 664 | AB83: 1.71 | AC83: 1.42 | AD83: 2L8x6x0.563 | AE83: 51.4
B84: 2L203x152x13 | C84: * | D84: 12 | E84: 1 | F84: 203 | G84: 152 | H84: 12.7 | I84: 33 | J84: 12 | K84: 16 | L84: 26 | M84: 0.556 | N84: 68.3 | O84: 8690 | P84: 36.8 | Q84: 262 | R84: 65 | S84: 62.8 | T84: 58.7 | U84: 61.4 | V84: 62 | W84: 62.7 | X84: 64.1 | Y84: 65.5 | Z84: 56.4 | AA84: 467 | AB84: 1.22 | AC84: 1.42 | AD84: 2L8x6x0.500 | AE84: 45.9
A85: * | B85: 2L203x102x25 | C85: * | D85: 12 | E85: 3 | F85: 203 | G85: 102 | H85: 25.4 | I85: 21.6 | J85: 4.02 | K85: 7.99 | L85: 40 | M85: 0.249 | N85: 111 | O85: 14200 | P85: 57.9 | Q85: 460 | R85: 63.8 | S85: 77.2 | T85: 37.4 | U85: 40.4 | V85: 41.2 | W85: 41.9 | X85: 43.5 | Y85: 45.1 | Z85: 64.5 | AA85: 3050 | AB85: 6.92 | AC85: 1.22 | AD85: 2L8x4x1.000 | AE85: 74.9
B86: 2L203x102x19 | C86: * | D86: 12 | E86: 2 | F86: 203 | G86: 102 | H86: 19.1 | I86: 21.7 | J86: 5.34 | K86: 10.6 | L86: 34 | M86: 0.26 | N86: 85.7 | O86: 10900 | P86: 45.7 | Q86: 357 | R86: 64.7 | S86: 74.8 | T86: 36.3 | U86: 39.1 | V86: 39.8 | W86: 40.5 | X86: 42.1 | Y86: 43.6 | Z86: 65.3 | AA86: 1330 | AB86: 3.11 | AC86: 1.22 | AD86: 2L8x4x0.750 | AE86: 57.6
B87: 2L203x102x13 | C87: * | D87: 12 | E87: 1 | F87: 203 | G87: 102 | H87: 12.7 | I87: 22.1 | J87: 8.03 | K87: 16 | L87: 26 | M87: 0.269 | N87: 58.3 | O87: 7420 | P87: 32 | Q87: 245 | R87: 65.7 | S87: 72.4 | T87: 35.3 | U87: 37.9 | V87: 38.6 | W87: 39.3 | X87: 40.7 | Y87: 42.2 | Z87: 66.1 | AA87: 399 | AB87: 0.965 | AC87: 1.22 | AD87: 2L8x4x0.500 | AE87: 39.2
A88: * | B88: 2L178x102x19 | C88: * | D88: 12 | E88: 2 | F88: 178 | G88: 102 | H88: 19.1 | I88: 21.9 | J88: 5.34 | K88: 9.32 | L88: 34 | M88: 0.325 | N88: 78.2 | O88: 9970 | P88: 31.7 | Q88: 277 | R88: 56.4 | S88: 63.8 | T88: 37.8 | U88: 40.6 | V88: 41.4 | W88: 42.1 | X88: 43.7 | Y88: 45.2 | Z88: 54.2 | AA88: 1210 | AB88: 2.16 | AC88: 1.12 | AD88: 2L7x4x0.750 | AE88: 52.6
B89: 2L178x102x16 | C89: * | D89: 12 | E89: 2 | F89: 178 | G89: 102 | H89: 15.9 | I89: 22.1 | J89: 6.42 | K89: 11.2 | L89: 30 | M89: 0.331 | N89: 65.9 | O89: 8400 | P89: 27.1 | Q89: 235 | R89: 56.8 | S89: 62.6 | T89: 37.3 | U89: 40 | V89: 40.8 | W89: 41.5 | X89: 43 | Y89: 44.5 | Z89: 54.6 | AA89: 708 | AB89: 1.28 | AC89: 1.12 | AD89: 2L7x4x0.625 | AE89: 44.3
B90: 2L178x102x13 | D90: 12 | E90: 1 | F90: 178 | G90: 102 | H90: 12.7 | I90: 22.2 | J90: 8.03 | K90: 14 | L90: 26 | M90: 0.336 | N90: 53.3 | O90: 6790 | P90: 22.3 | Q90: 191 | R90: 57.3 | S90: 61.4 | T90: 36.8 | U90: 39.5 | V90: 40.2 | W90: 40.9 | X90: 42.4 | Y90: 43.9 | Z90: 55 | AA90: 365 | AB90: 0.675 | AC90: 1.12 | AD90: 2L7x4x0.500 | AE90: 35.8
B91: 2L178x102x11 | C91: * | D91: 12 | E91: 1 | F91: 178 | G91: 102 | H91: 11.1 | I91: 22.3 | J91: 9.19 | K91: 16 | L91: 26 | M91: 0.339 | N91: 46.9 | O91: 5970 | P91: 19.8 | Q91: 169 | R91: 57.5 | S91: 60.8 | T91: 36.6 | U91: 39.2 | V91: 39.9 | W91: 40.6 | X91: 42.1 | Y91: 43.6 | Z91: 55.2 | AA91: 245 | AB91: 0.458 | AC91: 1.12 | AD91: 2L7x4x0.438 | AE91: 31.5
B92: 2L178x102x9.5 | D92: 12 | E92: 1 | F92: 178 | G92: 102 | H92: 9.53 | I92: 22.4 | J92: 10.7 | K92: 18.7 | L92: 24 | M92: 0.341 | N92: 40.5 | O92: 5160 | P92: 17.2 | Q92: 146 | R92: 57.8 | S92: 60.2 | T92: 36.4 | U92: 39 | V92: 39.7 | W92: 40.4 | X92: 41.8 | Y92: 43.3 | Z92: 55.4 | AA92: 156 | AB92: 0.294 | AC92: 1.12 | AD92: 2L7x4x0.375 | AE92: 27.2
A93: * | B93: 2L152x102x22 | C93: * | D93: 12 | E93: 3 | F93: 152 | G93: 102 | H93: 22.2 | I93: 21.9 | J93: 4.59 | K93: 6.85 | L93: 36 | M93: 0.427 | N93: 80.8 | O93: 10300 | P93: 22.9 | Q93: 233 | R93: 47.2 | S93: 53.7 | T93: 40.2 | U93: 43.2 | V93: 43.9 | W93: 44.7 | X93: 46.3 | Y93: 47.9 | Z93: 42.6 | AA93: 1690 | AB93: 2.16 | AC93: 1.02 | AD93: 2L6x4x0.875 | AE93: 54.3
B94: 2L152x102x19 | D94: 12 | E94: 2 | F94: 152 | G94: 102 | H94: 19.1 | I94: 21.9 | J94: 5.34 | K94: 7.96 | L94: 34 | M94: 0.434 | N94: 70.4 | O94: 8970 | P94: 20.3 | Q94: 204 | R94: 47.6 | S94: 52.5 | T94: 39.7 | U94: 42.6 | V94: 43.3 | W94: 44.1 | X94: 45.6 | Y94: 47.2 | Z94: 43 | AA94: 1090 | AB94: 1.42 | AC94: 1.02 | AD94: 2L6x4x0.750 | AE94: 47.3
B95: 2L152x102x16 | D95: 12 | E95: 2 | F95: 152 | G95: 102 | H95: 15.9 | I95: 22 | J95: 6.42 | K95: 9.56 | L95: 30 | M95: 0.44 | N95: 59.4 | O95: 7570 | P95: 17.5 | Q95: 174 | R95: 48 | S95: 51.4 | T95: 39.2 | U95: 42 | V95: 42.7 | W95: 43.4 | X95: 44.9 | Y95: 46.5 | Z95: 43.4 | AA95: 638 | AB95: 0.853 | AC95: 1.02 | AD95: 2L6x4x0.625 | AE95: 39.9
B96: 2L152x102x14 | C96: * | D96: 12 | E96: 2 | F96: 152 | G96: 102 | H96: 14.3 | I96: 22.1 | J96: 7.13 | K96: 10.6 | L96: 28 | M96: 0.443 | N96: 53.8 | O96: 6860 | P96: 16 | Q96: 158 | R96: 48.2 | S96: 50.8 | T96: 38.9 | U96: 41.7 | V96: 42.4 | W96: 43.1 | X96: 44.6 | Y96: 46.2 | Z96: 43.7 | AA96: 467 | AB96: 0.632 | AC96: 1.02 | AD96: 2L6x4x0.563 | AE96: 36.2
B97: 2L152x102x13 | D97: 12 | E97: 1 | F97: 152 | G97: 102 | H97: 12.7 | I97: 22.2 | J97: 8.03 | K97: 12 | L97: 26 | M97: 0.446 | N97: 48.1 | O97: 6130 | P97: 14.4 | Q97: 141 | R97: 48.5 | S97: 50.2 | T97: 38.7 | U97: 41.4 | V97: 42.1 | W97: 42.8 | X97: 44.3 | Y97: 45.8 | Z97: 43.9 | AA97: 330 | AB97: 0.451 | AC97: 1.02 | AD97: 2L6x4x0.500 | AE97: 32.3
B98: 2L152x102x11 | C98: * | D98: 12 | E98: 1 | F98: 152 | G98: 102 | H98: 11.1 | I98: 22.3 | J98: 9.19 | K98: 13.7 | L98: 26 | M98: 0.449 | N98: 42.3 | O98: 5390 | P98: 12.8 | Q98: 125 | R98: 48.7 | S98: 49.6 | T98: 38.5 | U98: 41.1 | V98: 41.9 | W98: 42.6 | X98: 44 | Y98: 45.5 | Z98: 44.1 | AA98: 221 | AB98: 0.307 | AC98: 1.02 | AD98: 2L6x4x0.438 | AE98: 28.4
B99: 2L152x102x9.5 | D99: 12 | E99: 1 | F99: 152 | G99: 102 | H99: 9.53 | I99: 22.4 | J99: 10.7 | K99: 15.9 | L99: 24 | M99: 0.451 | N99: 36.6 | O99: 4660 | P99: 11.2 | Q99: 108 | R99: 48.9 | S99: 49.1 | T99: 38.3 | U99: 40.9 | V99: 41.6 | W99: 42.3 | X99: 43.7 | Y99: 45.2 | Z99: 44.3 | AA99: 141 | AB99: 0.198 | AC99: 1.02 | AD99: 2L6x4x0.375 | AE99: 24.6
B100: 2L152x102x7.9 | D100: 12 | E100: 1 | F100: 152 | G100: 102 | H100: 7.94 | I100: 22.5 | J100: 12.8 | K100: 19.1 | L100: 22 | M100: 0.454 | N100: 30.7 | O100: 3910 | P100: 9.44 | Q100: 91.2 | R100: 49.2 | S100: 48.5 | T100: 38.1 | U100: 40.7 | V100: 41.3 | W100: 42 | X100: 43.5 | Y100: 44.9 | Z100: 44.5 | AA100: 82.1 | AB100: 0.116 | AC100: 1.02 | AD100: 2L6x4x0.313 | AE100: 20.6
...
