Workbook

Sheet limits
A1: Human perception curves | G1: +/- 20% window
A3: rpm | B3: amplitude (in) | G3: rpm | K3: amplitude (in)
A4: 100 | B4: 0.0093 | C4: 0.0033 | D4: 0.0012 | G4: =0.8*H4 -> 2880 | H4: 3600 | I4: =1.2*H4 -> 4320 | K4: 1e-09
A5: 10000 | B5: 0.0001 | C5: 3.3e-05 | D5: 1e-05 | G5: =0.8*H5 -> 2880 | H5: =H4 -> 3600 | I5: =1.2*H5 -> 4320 | K5: 0.01
A6: 100000 | B6: 1.1e-05 | C6: 3.33e-06 | D6: 9e-07 | H6: =H4 -> 3600
A8: rpm | B8: amplitude (in) | G8: vendor requirements
A9: 100 | B9: 0.1 | G9: 0.0001 | H9: =L13 -> 0.00026525824 | I9: in | J9: =L12 -> 0.0067375593 | K9: mm
A10: 2300 | B10: 0.00055 | G10: 100000 | H10: =L13 -> 0.00026525824 | I10: in | J10: =L12 -> 0.0067375593 | K10: mm
A11: 10000 | B11: 0.00013
A12: 100000 | B12: 1.45e-05 | G12: velocity limit: | H12: 2.54 | I12: mm/sec | J12: related amplitude y'/ w | L12: =H12/E28 -> 0.0067375593 | M12: mm
H13: =H12/25.4 -> 0.1 | I13: in/sec | L13: =H13/E28 -> 0.00026525824 | M13: in
A14: Machine limits
A15: Blake 1964 | G15: Baxter & Bernhard 1967
A16: rpm | B16: amplitude (in) | D16: rpm | E16: amplitude (in) | G16: rpm | H16: amplitude (in)
A17: 100 | B17: 0.0037 | D17: 100 | E17: 0.0014 | G17: 100 | H17: =0.9/1000/2 -> 0.00045 | I17: =1.9/1000/2 -> 0.00095 | J17: =3.5/1000/2 -> 0.00175 | K17: =7.5/1000/2 -> 0.00375 | L17: =15/1000/2 -> 0.0075
A18: 300 | B18: 0.0024 | D18: 300 | E18: 0.0008 | G18: 10000 | H18: =0.008/1000/2 -> 4e-06 | I18: =0.019/1000/2 -> 9.5e-06 | J18: =0.033/1000/2 -> 1.65e-05 | K18: =0.07/1000/2 -> 3.5e-05 | L18: =0.13/1000/2 -> 6.5e-05
A19: 1700 | B19: 0.0011 | D19: 1700 | E19: 0.00034 | G19: 100000 | H19: 3.55e-07 | I19: 9.33e-07 | J19: 1.64e-06 | K19: 3.44e-06 | L19: 6.2e-06
A20: 3500 | B20: 0.0005 | D20: 10000 | E20: 6.7e-05
A21: 10000 | B21: 0.00014 | D21: 100000 | E21: 8.18e-06
A22: 100000 | B22: 9.33e-06 | G22: Industry Requirments
G23: 0.0001 | H23: =L27 -> 0.00027795276 | I23: in | J23: =L26 -> 0.00706 | K23: mm
A24: service factor for machine performance | E24: 1 | G24: 100000 | H24: =L27 -> 0.00027795276 | I24: in | J24: =L26 -> 0.00706 | K24: mm
A25: (applied only for horizontal amplitude
A26: of vibrations) | G26: velocity limit: | H26: =L26*E28 -> 2.6615573 | I26: mm/sec | J26: related amplitude y'/ w | L26: 0.00706 | M26: mm
H27: =H26/25.4 -> 0.10478572 | I27: in/sec | L27: =H27/E29 -> 0.00027795276 | M27: in
A28: w motor | C28: 3600 | D28: rpm | E28: =C28*2*PI()/60 -> 376.99112 | F28: rad/sec
A29: w compressor | C29: 3600 | D29: rpm | E29: =C29*2*PI()/60 -> 376.99112 | F29: rad/sec
D32: frequency rpm | I32: amplitude (in)
F33: =G4 -> 2880 | G33: =H4 -> 3600 | H33: =I4 -> 4320 | I33: 1e-06
F34: =G5 -> 2880 | G34: =H5 -> 3600 | H34: =I5 -> 4320 | I34: 0.01
B37: velocity limit for operating | D37: related amplitude y'/ w | H37: velocity limit for malfunction | J37: related amplitude y'/ w
B38: =2.9 -> 2.9 | C38: mm/sec | D38: =B38/E28 -> 0.0076924889 | E38: mm | F38: (22 m m ) | H38: 5 | I38: mm/sec | J38: =H38/E28 -> 0.013262912 | K38: mm | L38: (48 m m )
B39: =B38/25.4 -> 0.11417323 | C39: in/sec | D39: =B39/E28 -> 0.00030285389 | E39: in | H39: =H38/25.4 -> 0.19685039 | I39: in/sec | J39: =H39/E28 -> 0.00052216189 | K39: in

Sheet P3_Frozen UB
A1: Point 3: At SW Corner
A2: Lower Bound Soil
A3: Pump Operating = 4215 rpm
A4: Frequency (rpm) | B4: Amplitude (m) | F4: Amplitude (in)
B5: x | C5: y | D5: z | F5: x | G5: y | H5: z
A6: 0 | B6: 4.75e-18 | C6: 4.77e-19 | D6: 3.34e-18 | F6: =B6*1000/25.4 -> 1.8700787e-16 | G6: =C6*1000/25.4 -> 1.8779528e-17 | H6: =D6*1000/25.4 -> 1.3149606e-16
A7: 40 | B7: 1.06e-10 | C7: 9.71e-12 | D7: 6.31e-11 | F7: =B7*1000/25.4 -> 4.1732283e-09 | G7: =C7*1000/25.4 -> 3.8228346e-10 | H7: =D7*1000/25.4 -> 2.484252e-09
A8: 80 | B8: 4.32e-10 | C8: 3.93e-11 | D8: 2.47e-10 | F8: =B8*1000/25.4 -> 1.7007874e-08 | G8: =C8*1000/25.4 -> 1.5472441e-09 | H8: =D8*1000/25.4 -> 9.7244094e-09
A9: 120 | B9: 9.74e-10 | C9: 8.86e-11 | D9: 5.43e-10 | F9: =B9*1000/25.4 -> 3.8346457e-08 | G9: =C9*1000/25.4 -> 3.488189e-09 | H9: =D9*1000/25.4 -> 2.1377953e-08
A10: 160 | B10: 1.74e-09 | C10: 1.58e-10 | D10: 9.46e-10 | F10: =B10*1000/25.4 -> 6.8503937e-08 | G10: =C10*1000/25.4 -> 6.2204724e-09 | H10: =D10*1000/25.4 -> 3.7244094e-08
A11: 200 | B11: 2.72e-09 | C11: 2.48e-10 | D11: 1.45e-09 | F11: =B11*1000/25.4 -> 1.0708661e-07 | G11: =C11*1000/25.4 -> 9.7637795e-09 | H11: =D11*1000/25.4 -> 5.7086614e-08
A12: 240 | B12: 3.95e-09 | C12: 3.6e-10 | D12: 2.06e-09 | F12: =B12*1000/25.4 -> 1.5551181e-07 | G12: =C12*1000/25.4 -> 1.4173228e-08 | H12: =D12*1000/25.4 -> 8.1102362e-08
A13: 280 | B13: 5.41e-09 | C13: 4.94e-10 | D13: 2.76e-09 | F13: =B13*1000/25.4 -> 2.1299213e-07 | G13: =C13*1000/25.4 -> 1.9448819e-08 | H13: =D13*1000/25.4 -> 1.0866142e-07
A14: 320 | B14: 7.12e-09 | C14: 6.5e-10 | D14: 3.55e-09 | F14: =B14*1000/25.4 -> 2.8031496e-07 | G14: =C14*1000/25.4 -> 2.5590551e-08 | H14: =D14*1000/25.4 -> 1.3976378e-07
A15: 360 | B15: 9.09e-09 | C15: 8.3e-10 | D15: 4.43e-09 | F15: =B15*1000/25.4 -> 3.5787402e-07 | G15: =C15*1000/25.4 -> 3.2677165e-08 | H15: =D15*1000/25.4 -> 1.7440945e-07
A16: 400 | B16: 1.13e-08 | C16: 1.03e-09 | D16: 5.41e-09 | F16: =B16*1000/25.4 -> 4.4488189e-07 | G16: =C16*1000/25.4 -> 4.0551181e-08 | H16: =D16*1000/25.4 -> 2.1299213e-07
A17: 440 | B17: 1.38e-08 | C17: 1.26e-09 | D17: 6.47e-09 | F17: =B17*1000/25.4 -> 5.4330709e-07 | G17: =C17*1000/25.4 -> 4.9606299e-08 | H17: =D17*1000/25.4 -> 2.5472441e-07
... A126: 4800 | B126: 5.35e-07 | C126: 1.2e-07 | D126: 6.74e-08 | F126: =B126*1000/25.4 -> 2.1062992e-05 | G126: =C126*1000/25.4 -> 4.7244094e-06 | H126: =D126*1000/25.4 -> 2.6535433e-06
A128: (y) max | B128: =MAX(B6:B126) -> 5.67e-07 | C128: =MAX(C6:C126) -> 1.42e-07 | D128: =MAX(D6:D126) -> 7.56e-07 | F128: =MAX(F20:F126) -> 2.2322835e-05 | G128: =MAX(G20:G126) -> 5.5905512e-06 | H128: =MAX(H20:H126) -> 2.976378e-05
A129: (y') max | B129: =B128*limits!$E29 -> 0.00021375396 | C129: =C128*limits!$E29 -> 5.3532739e-05 | D129: =D128*limits!$E29 -> 0.00028500529 | F129: =F128*limits!$E29 -> 0.0084155104 | G129: =G128*limits!$E29 -> 0.0021075881 | H129: =H128*limits!$E29 -> 0.011220681

Sheet P4_Frozen UB
A1: Point 4: At NW Corner
A2: Lower Bound Soil
A3: Pump Operating = 4215 rpm
A4: Frequency (rpm) | B4: Amplitude (m) | F4: Amplitude (in)
B5: x | C5: y | D5: z | F5: x | G5: y | H5: z
A6: 0 | B6: 3.24e-18 | C6: 4.77e-19 | D6: 4.91e-18 | F6: =B6*1000/25.4 -> 1.2755906e-16 | G6: =C6*1000/25.4 -> 1.8779528e-17 | H6: =D6*1000/25.4 -> 1.9330709e-16
A7: 40 | B7: 7.94e-11 | C7: 9.71e-12 | D7: 8.84e-11 | F7: =B7*1000/25.4 -> 3.1259843e-09 | G7: =C7*1000/25.4 -> 3.8228346e-10 | H7: =D7*1000/25.4 -> 3.480315e-09
A8: 80 | B8: 3.22e-10 | C8: 3.93e-11 | D8: 3.5e-10 | F8: =B8*1000/25.4 -> 1.2677165e-08 | G8: =C8*1000/25.4 -> 1.5472441e-09 | H8: =D8*1000/25.4 -> 1.3779528e-08
A9: 120 | B9: 7.25e-10 | C9: 8.86e-11 | D9: 7.79e-10 | F9: =B9*1000/25.4 -> 2.8543307e-08 | G9: =C9*1000/25.4 -> 3.488189e-09 | H9: =D9*1000/25.4 -> 3.0669291e-08
A10: 160 | B10: 1.29e-09 | C10: 1.58e-10 | D10: 1.37e-09 | F10: =B10*1000/25.4 -> 5.0787402e-08 | G10: =C10*1000/25.4 -> 6.2204724e-09 | H10: =D10*1000/25.4 -> 5.3937008e-08
A11: 200 | B11: 2.03e-09 | C11: 2.48e-10 | D11: 2.13e-09 | F11: =B11*1000/25.4 -> 7.992126e-08 | G11: =C11*1000/25.4 -> 9.7637795e-09 | H11: =D11*1000/25.4 -> 8.3858268e-08
A12: 240 | B12: 2.95e-09 | C12: 3.6e-10 | D12: 3.05e-09 | F12: =B12*1000/25.4 -> 1.1614173e-07 | G12: =C12*1000/25.4 -> 1.4173228e-08 | H12: =D12*1000/25.4 -> 1.2007874e-07
A13: 280 | B13: 4.04e-09 | C13: 4.94e-10 | D13: 4.13e-09 | F13: =B13*1000/25.4 -> 1.5905512e-07 | G13: =C13*1000/25.4 -> 1.9448819e-08 | H13: =D13*1000/25.4 -> 1.6259843e-07
A14: 320 | B14: 5.33e-09 | C14: 6.5e-10 | D14: 5.37e-09 | F14: =B14*1000/25.4 -> 2.0984252e-07 | G14: =C14*1000/25.4 -> 2.5590551e-08 | H14: =D14*1000/25.4 -> 2.1141732e-07
A15: 360 | B15: 6.81e-09 | C15: 8.3e-10 | D15: 6.76e-09 | F15: =B15*1000/25.4 -> 2.6811024e-07 | G15: =C15*1000/25.4 -> 3.2677165e-08 | H15: =D15*1000/25.4 -> 2.6614173e-07
A16: 400 | B16: 8.5e-09 | C16: 1.03e-09 | D16: 8.32e-09 | F16: =B16*1000/25.4 -> 3.3464567e-07 | G16: =C16*1000/25.4 -> 4.0551181e-08 | H16: =D16*1000/25.4 -> 3.2755906e-07
A17: 440 | B17: 1.04e-08 | C17: 1.26e-09 | D17: 1e-08 | F17: =B17*1000/25.4 -> 4.0944882e-07 | G17: =C17*1000/25.4 -> 4.9606299e-08 | H17: =D17*1000/25.4 -> 3.9370079e-07
... A126: 4800 | B126: 1.55e-07 | C126: 1.2e-07 | D126: 5.16e-07 | F126: =B126*1000/25.4 -> 6.1023622e-06 | G126: =C126*1000/25.4 -> 4.7244094e-06 | H126: =D126*1000/25.4 -> 2.0314961e-05
A128: (y) max | B128: =MAX(B6:B126) -> 4.84e-07 | C128: =MAX(C6:C126) -> 1.42e-07 | D128: =MAX(D6:D126) -> 1.42e-06 | F128: =MAX(F20:F126) -> 1.9055118e-05 | G128: =MAX(G20:G126) -> 5.5905512e-06 | H128: =MAX(H20:H126) -> 5.5905512e-05
A129: (y') max | B129: =B128*limits!$E29 -> 0.0001824637 | C129: =C128*limits!$E29 -> 5.3532739e-05 | D129: =D128*limits!$E29 -> 0.00053532739 | F129: =F128*limits!$E29 -> 0.0071836103 | G129: =G128*limits!$E29 -> 0.0021075881 | H129: =H128*limits!$E29 -> 0.021075881

Sheet P5_Frozen UB
A1: Point 5: At NE Corner
A2: Lower Bound Soil
A3: Pump Operating = 4215 rpm
A4: Frequency (rpm) | B4: Amplitude (m) | F4: Amplitude (in)
B5: x | C5: y | D5: z | F5: x | G5: y | H5: z
A6: 0 | B6: 3.24e-18 | C6: 4.65e-19 | D6: 4.79e-18 | F6: =B6*1000/25.4 -> 1.2755906e-16 | G6: =C6*1000/25.4 -> 1.8307087e-17 | H6: =D6*1000/25.4 -> 1.8858268e-16
A7: 40 | B7: 7.94e-11 | C7: 9.73e-12 | D7: 8.81e-11 | F7: =B7*1000/25.4 -> 3.1259843e-09 | G7: =C7*1000/25.4 -> 3.8307087e-10 | H7: =D7*1000/25.4 -> 3.4685039e-09
A8: 80 | B8: 3.22e-10 | C8: 3.95e-11 | D8: 3.56e-10 | F8: =B8*1000/25.4 -> 1.2677165e-08 | G8: =C8*1000/25.4 -> 1.5551181e-09 | H8: =D8*1000/25.4 -> 1.4015748e-08
A9: 120 | B9: 7.25e-10 | C9: 8.92e-11 | D9: 8.09e-10 | F9: =B9*1000/25.4 -> 2.8543307e-08 | G9: =C9*1000/25.4 -> 3.511811e-09 | H9: =D9*1000/25.4 -> 3.1850394e-08
A10: 160 | B10: 1.29e-09 | C10: 1.6e-10 | D10: 1.45e-09 | F10: =B10*1000/25.4 -> 5.0787402e-08 | G10: =C10*1000/25.4 -> 6.2992126e-09 | H10: =D10*1000/25.4 -> 5.7086614e-08
A11: 200 | B11: 2.03e-09 | C11: 2.52e-10 | D11: 2.29e-09 | F11: =B11*1000/25.4 -> 7.992126e-08 | G11: =C11*1000/25.4 -> 9.9212598e-09 | H11: =D11*1000/25.4 -> 9.015748e-08
A12: 240 | B12: 2.95e-09 | C12: 3.67e-10 | D12: 3.33e-09 | F12: =B12*1000/25.4 -> 1.1614173e-07 | G12: =C12*1000/25.4 -> 1.4448819e-08 | H12: =D12*1000/25.4 -> 1.3110236e-07
A13: 280 | B13: 4.04e-09 | C13: 5.05e-10 | D13: 4.59e-09 | F13: =B13*1000/25.4 -> 1.5905512e-07 | G13: =C13*1000/25.4 -> 1.988189e-08 | H13: =D13*1000/25.4 -> 1.8070866e-07
A14: 320 | B14: 5.33e-09 | C14: 6.69e-10 | D14: 6.06e-09 | F14: =B14*1000/25.4 -> 2.0984252e-07 | G14: =C14*1000/25.4 -> 2.6338583e-08 | H14: =D14*1000/25.4 -> 2.3858268e-07
A15: 360 | B15: 6.81e-09 | C15: 8.59e-10 | D15: 7.76e-09 | F15: =B15*1000/25.4 -> 2.6811024e-07 | G15: =C15*1000/25.4 -> 3.3818898e-08 | H15: =D15*1000/25.4 -> 3.0551181e-07
A16: 400 | B16: 8.5e-09 | C16: 1.08e-09 | D16: 9.69e-09 | F16: =B16*1000/25.4 -> 3.3464567e-07 | G16: =C16*1000/25.4 -> 4.2519685e-08 | H16: =D16*1000/25.4 -> 3.8149606e-07
A17: 440 | B17: 1.04e-08 | C17: 1.33e-09 | D17: 1.19e-08 | F17: =B17*1000/25.4 -> 4.0944882e-07 | G17: =C17*1000/25.4 -> 5.2362205e-08 | H17: =D17*1000/25.4 -> 4.6850394e-07
... A126: 4800 | B126: 1.55e-07 | C126: 1.68e-07 | D126: 8.31e-07 | F126: =B126*1000/25.4 -> 6.1023622e-06 | G126: =C126*1000/25.4 -> 6.6141732e-06 | H126: =D126*1000/25.4 -> 3.2716535e-05
A128: (y) max | B128: =MAX(B6:B126) -> 4.84e-07 | C128: =MAX(C6:C126) -> 2.72e-07 | D128: =MAX(D6:D126) -> 1.35e-06 | F128: =MAX(F20:F126) -> 1.9055118e-05 | G128: =MAX(G20:G126) -> 1.0708661e-05 | H128: =MAX(H20:H126) -> 5.3149606e-05
A129: (y') max | B129: =B128*limits!$E29 -> 0.0001824637 | C129: =C128*limits!$E29 -> 0.00010254158 | D129: =D128*limits!$E29 -> 0.00050893801 | F129: =F128*limits!$E29 -> 0.0071836103 | G129: =G128*limits!$E29 -> 0.0040370702 | H129: =H128*limits!$E29 -> 0.02003693

Sheet P6_Frozen UB
A1: Point 6: At SE Corner
A2: Lower Bound Soil
A3: Pump Operating = 4215 rpm
A4: Frequency (rpm) | B4: Amplitude (m) | F4: Amplitude (in)
B5: x | C5: y | D5: z | F5: x | G5: y | H5: z
A6: 0 | B6: 4.75e-18 | C6: 4.65e-19 | D6: 3.25e-18 | F6: =B6*1000/25.4 -> 1.8700787e-16 | G6: =C6*1000/25.4 -> 1.8307087e-17 | H6: =D6*1000/25.4 -> 1.2795276e-16
A7: 40 | B7: 1.06e-10 | C7: 9.73e-12 | D7: 6.42e-11 | F7: =B7*1000/25.4 -> 4.1732283e-09 | G7: =C7*1000/25.4 -> 3.8307087e-10 | H7: =D7*1000/25.4 -> 2.5275591e-09
A8: 80 | B8: 4.32e-10 | C8: 3.95e-11 | D8: 2.62e-10 | F8: =B8*1000/25.4 -> 1.7007874e-08 | G8: =C8*1000/25.4 -> 1.5551181e-09 | H8: =D8*1000/25.4 -> 1.0314961e-08
A9: 120 | B9: 9.74e-10 | C9: 8.92e-11 | D9: 6e-10 | F9: =B9*1000/25.4 -> 3.8346457e-08 | G9: =C9*1000/25.4 -> 3.511811e-09 | H9: =D9*1000/25.4 -> 2.3622047e-08
A10: 160 | B10: 1.74e-09 | C10: 1.6e-10 | D10: 1.09e-09 | F10: =B10*1000/25.4 -> 6.8503937e-08 | G10: =C10*1000/25.4 -> 6.2992126e-09 | H10: =D10*1000/25.4 -> 4.2913386e-08
A11: 200 | B11: 2.72e-09 | C11: 2.52e-10 | D11: 1.73e-09 | F11: =B11*1000/25.4 -> 1.0708661e-07 | G11: =C11*1000/25.4 -> 9.9212598e-09 | H11: =D11*1000/25.4 -> 6.8110236e-08
A12: 240 | B12: 3.95e-09 | C12: 3.67e-10 | D12: 2.54e-09 | F12: =B12*1000/25.4 -> 1.5551181e-07 | G12: =C12*1000/25.4 -> 1.4448819e-08 | H12: =D12*1000/25.4 -> 1e-07
A13: 280 | B13: 5.41e-09 | C13: 5.05e-10 | D13: 3.51e-09 | F13: =B13*1000/25.4 -> 2.1299213e-07 | G13: =C13*1000/25.4 -> 1.988189e-08 | H13: =D13*1000/25.4 -> 1.3818898e-07
A14: 320 | B14: 7.12e-09 | C14: 6.69e-10 | D14: 4.67e-09 | F14: =B14*1000/25.4 -> 2.8031496e-07 | G14: =C14*1000/25.4 -> 2.6338583e-08 | H14: =D14*1000/25.4 -> 1.8385827e-07
A15: 360 | B15: 9.09e-09 | C15: 8.59e-10 | D15: 6.02e-09 | F15: =B15*1000/25.4 -> 3.5787402e-07 | G15: =C15*1000/25.4 -> 3.3818898e-08 | H15: =D15*1000/25.4 -> 2.3700787e-07
A16: 400 | B16: 1.13e-08 | C16: 1.08e-09 | D16: 7.57e-09 | F16: =B16*1000/25.4 -> 4.4488189e-07 | G16: =C16*1000/25.4 -> 4.2519685e-08 | H16: =D16*1000/25.4 -> 2.980315e-07
A17: 440 | B17: 1.38e-08 | C17: 1.33e-09 | D17: 9.33e-09 | F17: =B17*1000/25.4 -> 5.4330709e-07 | G17: =C17*1000/25.4 -> 5.2362205e-08 | H17: =D17*1000/25.4 -> 3.6732283e-07
... A126: 4800 | B126: 5.35e-07 | C126: 1.68e-07 | D126: 9.01e-07 | F126: =B126*1000/25.4 -> 2.1062992e-05 | G126: =C126*1000/25.4 -> 6.6141732e-06 | H126: =D126*1000/25.4 -> 3.5472441e-05
A128: (y) max | B128: =MAX(B6:B126) -> 5.67e-07 | C128: =MAX(C6:C126) -> 2.72e-07 | D128: =MAX(D6:D126) -> 9.01e-07 | F128: =MAX(F20:F126) -> 2.2322835e-05 | G128: =MAX(G20:G126) -> 1.0708661e-05 | H128: =MAX(H20:H126) -> 3.5472441e-05
A129: (y') max | B129: =B128*limits!$E29 -> 0.00021375396 | C129: =C128*limits!$E29 -> 0.00010254158 | D129: =D128*limits!$E29 -> 0.000339669 | F129: =F128*limits!$E29 -> 0.0084155104 | G129: =G128*limits!$E29 -> 0.0040370702 | H129: =H128*limits!$E29 -> 0.013372795

Sheet P3_UB
A1: Point 3: At SW Corner
A2: Upper Bound Soil
A3: Pump Operating = 4215 rpm
A4: Frequency (rpm) | B4: Amplitude (m) | F4: Amplitude (in)
B5: x | C5: y | D5: z | F5: x | G5: y | H5: z
A6: 0 | B6: 1.6946e-16 | C6: 1.607e-17 | D6: 5.112e-17 | F6: =B6*1000/25.4 -> 6.6716535e-15 | G6: =C6*1000/25.4 -> 6.3267717e-16 | H6: =D6*1000/25.4 -> 2.0125984e-15
A7: 20 | B7: 1.04e-09 | C7: 1.365e-10 | D7: 2.99e-10 | F7: =B7*1000/25.4 -> 4.0944882e-08 | G7: =C7*1000/25.4 -> 5.3740157e-09 | H7: =D7*1000/25.4 -> 1.1771654e-08
A8: 40 | B8: 4.037e-09 | C8: 5.29e-10 | D8: 1.203e-09 | F8: =B8*1000/25.4 -> 1.5893701e-07 | G8: =C8*1000/25.4 -> 2.0826772e-08 | H8: =D8*1000/25.4 -> 4.7362205e-08
A9: 60 | B9: 9.07e-09 | C9: 1.188e-09 | D9: 2.719e-09 | F9: =B9*1000/25.4 -> 3.5708661e-07 | G9: =C9*1000/25.4 -> 4.6771654e-08 | H9: =D9*1000/25.4 -> 1.0704724e-07
A10: 80 | B10: 1.653e-08 | C10: 2.173e-09 | D10: 4.84e-09 | F10: =B10*1000/25.4 -> 6.507874e-07 | G10: =C10*1000/25.4 -> 8.5551181e-08 | H10: =D10*1000/25.4 -> 1.9055118e-07
A11: 100 | B11: 2.605e-08 | C11: 3.44e-09 | D11: 7.64e-09 | F11: =B11*1000/25.4 -> 1.0255906e-06 | G11: =C11*1000/25.4 -> 1.3543307e-07 | H11: =D11*1000/25.4 -> 3.007874e-07
A12: 120 | B12: 3.826e-08 | C12: 5.07e-09 | D12: 1.116e-08 | F12: =B12*1000/25.4 -> 1.5062992e-06 | G12: =C12*1000/25.4 -> 1.996063e-07 | H12: =D12*1000/25.4 -> 4.3937008e-07
A13: 140 | B13: 5.33e-08 | C13: 7.04e-09 | D13: 1.55e-08 | F13: =B13*1000/25.4 -> 2.0984252e-06 | G13: =C13*1000/25.4 -> 2.7716535e-07 | H13: =D13*1000/25.4 -> 6.1023622e-07
A14: 160 | B14: 7.17e-08 | C14: 9.42e-09 | D14: 2.075e-08 | F14: =B14*1000/25.4 -> 2.8228346e-06 | G14: =C14*1000/25.4 -> 3.7086614e-07 | H14: =D14*1000/25.4 -> 8.1692913e-07
A15: 180 | B15: 9.4e-08 | C15: 1.225e-08 | D15: 2.72e-08 | F15: =B15*1000/25.4 -> 3.7007874e-06 | G15: =C15*1000/25.4 -> 4.8228346e-07 | H15: =D15*1000/25.4 -> 1.0708661e-06
A16: 200 | B16: 1.213e-07 | C16: 1.557e-08 | D16: 3.52e-08 | F16: =B16*1000/25.4 -> 4.7755906e-06 | G16: =C16*1000/25.4 -> 6.1299213e-07 | H16: =D16*1000/25.4 -> 1.3858268e-06
A17: 220 | B17: 1.542e-07 | C17: 1.934e-08 | D17: 4.51e-08 | F17: =B17*1000/25.4 -> 6.0708661e-06 | G17: =C17*1000/25.4 -> 7.6141732e-07 | H17: =D17*1000/25.4 -> 1.7755906e-06
... A126: 2400 | B126: 2.2895e-06 | C126: 4.892e-07 | D126: 7.24e-07 | F126: =B126*1000/25.4 -> 9.0137795e-05 | G126: =C126*1000/25.4 -> 1.9259843e-05 | H126: =D126*1000/25.4 -> 2.8503937e-05
A128: (y) max | B128: =MAX(B6:B126) -> 2.6104e-06 | C128: =MAX(C6:C126) -> 5.648e-07 | D128: =MAX(D6:D126) -> 8.82e-07 | F128: =MAX(F20:F126) -> 0.00010277165 | G128: =MAX(G20:G126) -> 2.223622e-05 | H128: =MAX(H20:H126) -> 3.4724409e-05
A129: (y') max | B129: =B128*limits!$E29 -> 0.00098409762 | C129: =C128*limits!$E29 -> 0.00021292458 | D129: =D128*limits!$E29 -> 0.00033250617 | F129: =F128*limits!$E29 -> 0.038744001 | G129: =G128*limits!$E29 -> 0.0083828576 | H129: =H128*limits!$E29 -> 0.013090794

Sheet P4_UB
A1: Point 4: At NW Corner
A2: Upper Bound Soil
A3: Pump Operating = 4215 rpm
A4: Frequency (rpm) | B4: Amplitude (m) | F4: Amplitude (in)
B5: x | C5: y | D5: z | F5: x | G5: y | H5: z
A6: 0 | B6: 1.162e-16 | C6: 1.607e-17 | D6: 6.404e-17 | F6: =B6*1000/25.4 -> 4.5748031e-15 | G6: =C6*1000/25.4 -> 6.3267717e-16 | H6: =D6*1000/25.4 -> 2.5212598e-15
A7: 20 | B7: 8.13e-10 | C7: 1.365e-10 | D7: 3.378e-10 | F7: =B7*1000/25.4 -> 3.2007874e-08 | G7: =C7*1000/25.4 -> 5.3740157e-09 | H7: =D7*1000/25.4 -> 1.3299213e-08
A8: 40 | B8: 3.31e-09 | C8: 5.29e-10 | D8: 1.355e-09 | F8: =B8*1000/25.4 -> 1.3031496e-07 | G8: =C8*1000/25.4 -> 2.0826772e-08 | H8: =D8*1000/25.4 -> 5.3346457e-08
A9: 60 | B9: 7.53e-09 | C9: 1.188e-09 | D9: 3.059e-09 | F9: =B9*1000/25.4 -> 2.9645669e-07 | G9: =C9*1000/25.4 -> 4.6771654e-08 | H9: =D9*1000/25.4 -> 1.2043307e-07
A10: 80 | B10: 1.36e-08 | C10: 2.173e-09 | D10: 5.46e-09 | F10: =B10*1000/25.4 -> 5.3543307e-07 | G10: =C10*1000/25.4 -> 8.5551181e-08 | H10: =D10*1000/25.4 -> 2.1496063e-07
A11: 100 | B11: 2.18e-08 | C11: 3.44e-09 | D11: 8.61e-09 | F11: =B11*1000/25.4 -> 8.5826772e-07 | G11: =C11*1000/25.4 -> 1.3543307e-07 | H11: =D11*1000/25.4 -> 3.3897638e-07
A12: 120 | B12: 3.23e-08 | C12: 5.07e-09 | D12: 1.256e-08 | F12: =B12*1000/25.4 -> 1.2716535e-06 | G12: =C12*1000/25.4 -> 1.996063e-07 | H12: =D12*1000/25.4 -> 4.9448819e-07
A13: 140 | B13: 4.55e-08 | C13: 7.04e-09 | D13: 1.744e-08 | F13: =B13*1000/25.4 -> 1.7913386e-06 | G13: =C13*1000/25.4 -> 2.7716535e-07 | H13: =D13*1000/25.4 -> 6.8661417e-07
A14: 160 | B14: 6.21e-08 | C14: 9.42e-09 | D14: 2.33e-08 | F14: =B14*1000/25.4 -> 2.4448819e-06 | G14: =C14*1000/25.4 -> 3.7086614e-07 | H14: =D14*1000/25.4 -> 9.1732283e-07
A15: 180 | B15: 8.26e-08 | C15: 1.225e-08 | D15: 3.035e-08 | F15: =B15*1000/25.4 -> 3.2519685e-06 | G15: =C15*1000/25.4 -> 4.8228346e-07 | H15: =D15*1000/25.4 -> 1.1948819e-06
A16: 200 | B16: 1.081e-07 | C16: 1.557e-08 | D16: 3.88e-08 | F16: =B16*1000/25.4 -> 4.2559055e-06 | G16: =C16*1000/25.4 -> 6.1299213e-07 | H16: =D16*1000/25.4 -> 1.5275591e-06
A17: 220 | B17: 1.392e-07 | C17: 1.934e-08 | D17: 4.9e-08 | F17: =B17*1000/25.4 -> 5.480315e-06 | G17: =C17*1000/25.4 -> 7.6141732e-07 | H17: =D17*1000/25.4 -> 1.9291339e-06
... A126: 2400 | B126: 3.64e-07 | C126: 4.892e-07 | D126: 2.284e-06 | F126: =B126*1000/25.4 -> 1.4330709e-05 | G126: =C126*1000/25.4 -> 1.9259843e-05 | H126: =D126*1000/25.4 -> 8.992126e-05
A128: (y) max | B128: =MAX(B6:B126) -> 1.865e-06 | C128: =MAX(C6:C126) -> 5.648e-07 | D128: =MAX(D6:D126) -> 2.284e-06 | F128: =MAX(F20:F126) -> 7.3425197e-05 | G128: =MAX(G20:G126) -> 2.223622e-05 | H128: =MAX(H20:H126) -> 8.992126e-05
A129: (y') max | B129: =B128*limits!$E29 -> 0.00070308844 | C129: =C128*limits!$E29 -> 0.00021292458 | D129: =D128*limits!$E29 -> 0.00086104771 | F129: =F128*limits!$E29 -> 0.027680647 | G129: =G128*limits!$E29 -> 0.0083828576 | H129: =H128*limits!$E29 -> 0.033899516

Sheet P5_UB
A1: Point 5: At NE Corner
A2: Upper Bound Soil
A3: Pump Operating = 4215 rpm
A4: Frequency (rpm) | B4: Amplitude (m) | F4: Amplitude (in)
B5: x | C5: y | D5: z | F5: x | G5: y | H5: z
A6: 0 | B6: 1.162e-16 | C6: 1.585e-17 | D6: 6.404e-17 | F6: =B6*1000/25.4 -> 4.5748031e-15 | G6: =C6*1000/25.4 -> 6.2401575e-16 | H6: =D6*1000/25.4 -> 2.5212598e-15
A7: 20 | B7: 8.13e-10 | C7: 1.367e-10 | D7: 3.423e-10 | F7: =B7*1000/25.4 -> 3.2007874e-08 | G7: =C7*1000/25.4 -> 5.3818898e-09 | H7: =D7*1000/25.4 -> 1.3476378e-08
A8: 40 | B8: 3.31e-09 | C8: 5.31e-10 | D8: 1.385e-09 | F8: =B8*1000/25.4 -> 1.3031496e-07 | G8: =C8*1000/25.4 -> 2.0905512e-08 | H8: =D8*1000/25.4 -> 5.4527559e-08
A9: 60 | B9: 7.53e-09 | C9: 1.193e-09 | D9: 3.164e-09 | F9: =B9*1000/25.4 -> 2.9645669e-07 | G9: =C9*1000/25.4 -> 4.6968504e-08 | H9: =D9*1000/25.4 -> 1.2456693e-07
A10: 80 | B10: 1.36e-08 | C10: 2.19e-09 | D10: 5.7e-09 | F10: =B10*1000/25.4 -> 5.3543307e-07 | G10: =C10*1000/25.4 -> 8.6220472e-08 | H10: =D10*1000/25.4 -> 2.2440945e-07
A11: 100 | B11: 2.18e-08 | C11: 3.47e-09 | D11: 9.07e-09 | F11: =B11*1000/25.4 -> 8.5826772e-07 | G11: =C11*1000/25.4 -> 1.3661417e-07 | H11: =D11*1000/25.4 -> 3.5708661e-07
A12: 120 | B12: 3.23e-08 | C12: 5.13e-09 | D12: 1.335e-08 | F12: =B12*1000/25.4 -> 1.2716535e-06 | G12: =C12*1000/25.4 -> 2.019685e-07 | H12: =D12*1000/25.4 -> 5.2559055e-07
A13: 140 | B13: 4.55e-08 | C13: 7.16e-09 | D13: 1.86e-08 | F13: =B13*1000/25.4 -> 1.7913386e-06 | G13: =C13*1000/25.4 -> 2.8188976e-07 | H13: =D13*1000/25.4 -> 7.3228346e-07
A14: 160 | B14: 6.21e-08 | C14: 9.64e-09 | D14: 2.507e-08 | F14: =B14*1000/25.4 -> 2.4448819e-06 | G14: =C14*1000/25.4 -> 3.7952756e-07 | H14: =D14*1000/25.4 -> 9.8700787e-07
A15: 180 | B15: 8.26e-08 | C15: 1.267e-08 | D15: 3.27e-08 | F15: =B15*1000/25.4 -> 3.2519685e-06 | G15: =C15*1000/25.4 -> 4.988189e-07 | H15: =D15*1000/25.4 -> 1.2874016e-06
A16: 200 | B16: 1.081e-07 | C16: 1.633e-08 | D16: 4.19e-08 | F16: =B16*1000/25.4 -> 4.2559055e-06 | G16: =C16*1000/25.4 -> 6.4291339e-07 | H16: =D16*1000/25.4 -> 1.6496063e-06
A17: 220 | B17: 1.392e-07 | C17: 2.071e-08 | D17: 5.27e-08 | F17: =B17*1000/25.4 -> 5.480315e-06 | G17: =C17*1000/25.4 -> 8.1535433e-07 | H17: =D17*1000/25.4 -> 2.0748031e-06
... A126: 2400 | B126: 3.64e-07 | C126: 5.494e-07 | D126: 1.685e-06 | F126: =B126*1000/25.4 -> 1.4330709e-05 | G126: =C126*1000/25.4 -> 2.1629921e-05 | H126: =D126*1000/25.4 -> 6.6338583e-05
A128: (y) max | B128: =MAX(B6:B126) -> 1.865e-06 | C128: =MAX(C6:C126) -> 7.344e-07 | D128: =MAX(D6:D126) -> 1.685e-06 | F128: =MAX(F20:F126) -> 7.3425197e-05 | G128: =MAX(G20:G126) -> 2.8913386e-05 | H128: =MAX(H20:H126) -> 6.6338583e-05
A129: (y') max | B129: =B128*limits!$E29 -> 0.00070308844 | C129: =C128*limits!$E29 -> 0.00027686228 | D129: =D128*limits!$E29 -> 0.00063523003 | F129: =F128*limits!$E29 -> 0.027680647 | G129: =G128*limits!$E29 -> 0.01090009 | H129: =H128*limits!$E29 -> 0.025009056

Sheet P6_UB
A1: Point 6: At SE Corner
A2: Upper Bound Soil
A3: Pump Operating = 4215 rpm
A4: Frequency (rpm) | B4: Amplitude (m) | F4: Amplitude (in)
B5: x | C5: y | D5: z | F5: x | G5: y | H5: z
A6: 0 | B6: 1.6946e-16 | C6: 1.585e-17 | D6: 5.112e-17 | F6: =B6*1000/25.4 -> 6.6716535e-15 | G6: =C6*1000/25.4 -> 6.2401575e-16 | H6: =D6*1000/25.4 -> 2.0125984e-15
A7: 20 | B7: 1.04e-09 | C7: 1.367e-10 | D7: 3.03e-10 | F7: =B7*1000/25.4 -> 4.0944882e-08 | G7: =C7*1000/25.4 -> 5.3818898e-09 | H7: =D7*1000/25.4 -> 1.1929134e-08
A8: 40 | B8: 4.037e-09 | C8: 5.31e-10 | D8: 1.235e-09 | F8: =B8*1000/25.4 -> 1.5893701e-07 | G8: =C8*1000/25.4 -> 2.0905512e-08 | H8: =D8*1000/25.4 -> 4.8622047e-08
A9: 60 | B9: 9.07e-09 | C9: 1.193e-09 | D9: 2.82e-09 | F9: =B9*1000/25.4 -> 3.5708661e-07 | G9: =C9*1000/25.4 -> 4.6968504e-08 | H9: =D9*1000/25.4 -> 1.1102362e-07
A10: 80 | B10: 1.653e-08 | C10: 2.19e-09 | D10: 5.09e-09 | F10: =B10*1000/25.4 -> 6.507874e-07 | G10: =C10*1000/25.4 -> 8.6220472e-08 | H10: =D10*1000/25.4 -> 2.003937e-07
A11: 100 | B11: 2.605e-08 | C11: 3.47e-09 | D11: 8.12e-09 | F11: =B11*1000/25.4 -> 1.0255906e-06 | G11: =C11*1000/25.4 -> 1.3661417e-07 | H11: =D11*1000/25.4 -> 3.1968504e-07
A12: 120 | B12: 3.826e-08 | C12: 5.13e-09 | D12: 1.194e-08 | F12: =B12*1000/25.4 -> 1.5062992e-06 | G12: =C12*1000/25.4 -> 2.019685e-07 | H12: =D12*1000/25.4 -> 4.7007874e-07
A13: 140 | B13: 5.33e-08 | C13: 7.16e-09 | D13: 1.67e-08 | F13: =B13*1000/25.4 -> 2.0984252e-06 | G13: =C13*1000/25.4 -> 2.8188976e-07 | H13: =D13*1000/25.4 -> 6.5748031e-07
A14: 160 | B14: 7.17e-08 | C14: 9.64e-09 | D14: 2.239e-08 | F14: =B14*1000/25.4 -> 2.8228346e-06 | G14: =C14*1000/25.4 -> 3.7952756e-07 | H14: =D14*1000/25.4 -> 8.8149606e-07
A15: 180 | B15: 9.4e-08 | C15: 1.267e-08 | D15: 2.91e-08 | F15: =B15*1000/25.4 -> 3.7007874e-06 | G15: =C15*1000/25.4 -> 4.988189e-07 | H15: =D15*1000/25.4 -> 1.1456693e-06
A16: 200 | B16: 1.213e-07 | C16: 1.633e-08 | D16: 3.7e-08 | F16: =B16*1000/25.4 -> 4.7755906e-06 | G16: =C16*1000/25.4 -> 6.4291339e-07 | H16: =D16*1000/25.4 -> 1.4566929e-06
A17: 220 | B17: 1.542e-07 | C17: 2.071e-08 | D17: 4.62e-08 | F17: =B17*1000/25.4 -> 6.0708661e-06 | G17: =C17*1000/25.4 -> 8.1535433e-07 | H17: =D17*1000/25.4 -> 1.8188976e-06
... A126: 2400 | B126: 2.2895e-06 | C126: 5.494e-07 | D126: 7.81e-07 | F126: =B126*1000/25.4 -> 9.0137795e-05 | G126: =C126*1000/25.4 -> 2.1629921e-05 | H126: =D126*1000/25.4 -> 3.0748031e-05
A128: (y) max | B128: =MAX(B6:B126) -> 2.6104e-06 | C128: =MAX(C6:C126) -> 7.344e-07 | D128: =MAX(D6:D126) -> 1.069e-06 | F128: =MAX(F20:F126) -> 0.00010277165 | G128: =MAX(G20:G126) -> 2.8913386e-05 | H128: =MAX(H20:H126) -> 4.2086614e-05
A129: (y') max | B129: =B128*limits!$E29 -> 0.00098409762 | C129: =C128*limits!$E29 -> 0.00027686228 | D129: =D128*limits!$E29 -> 0.00040300351 | F129: =F128*limits!$E29 -> 0.038744001 | G129: =G128*limits!$E29 -> 0.01090009 | H129: =H128*limits!$E29 -> 0.01586628
