Workbook

Sheet limits
A1: Human perception curves | G1: +/- 20% window
A3: rpm | B3: amplitude (in) | G3: rpm | K3: amplitude (in)
A4: 100 | B4: 0.0093 | C4: 0.0033 | D4: 0.0012 | G4: =0.8*H4 -> 1440 | H4: 1800 | I4: =1.2*H4 -> 2160 | K4: 1e-09
A5: 10000 | B5: 0.0001 | C5: 3.3e-05 | D5: 1e-05 | G5: =0.8*H5 -> 1440 | H5: 1800 | I5: =1.2*H5 -> 2160 | K5: 0.01
A6: 100000 | B6: 1.1e-05 | C6: 3.33e-06 | D6: 9e-07 | H6: 1800
A8: rpm | B8: amplitude (in) | G8: vendor requirements
A9: 100 | B9: 0.1 | G9: 0.0001 | H9: =L13 -> 0.00079577472 | I9: in | J9: =L12 -> 0.020212678 | K9: mm
A10: 2300 | B10: 0.00055 | G10: 100000 | H10: =L13 -> 0.00079577472 | I10: in | J10: =L12 -> 0.020212678 | K10: mm
A11: 10000 | B11: 0.00013
A12: 100000 | B12: 1.45e-05 | G12: velocity limit: | H12: 3.81 | I12: mm/sec | J12: related amplitude y'/ w | L12: =H12/E28 -> 0.020212678 | M12: mm
H13: =H12/25.4 -> 0.15 | I13: in/sec | L13: =H13/E28 -> 0.00079577472 | M13: in
A14: Machine limits
A15: Blake 1964 | G15: Baxter & Bernhard 1967
A16: rpm | B16: amplitude (in) | D16: rpm | E16: amplitude (in) | G16: rpm | H16: amplitude (in)
A17: 100 | B17: 0.0037 | D17: 100 | E17: 0.0014 | G17: 100 | H17: =0.9/1000/2 -> 0.00045 | I17: =1.9/1000/2 -> 0.00095 | J17: =3.5/1000/2 -> 0.00175 | K17: =7.5/1000/2 -> 0.00375 | L17: =15/1000/2 -> 0.0075
A18: 300 | B18: 0.0024 | D18: 300 | E18: 0.0008 | G18: 10000 | H18: =0.008/1000/2 -> 4e-06 | I18: =0.019/1000/2 -> 9.5e-06 | J18: =0.033/1000/2 -> 1.65e-05 | K18: =0.07/1000/2 -> 3.5e-05 | L18: =0.13/1000/2 -> 6.5e-05
A19: 1700 | B19: 0.0011 | D19: 1700 | E19: 0.00034 | G19: 100000 | H19: 3.55e-07 | I19: 9.33e-07 | J19: 1.64e-06 | K19: 3.44e-06 | L19: 6.2e-06
A20: 3500 | B20: 0.0005 | D20: 10000 | E20: 6.7e-05
A21: 10000 | B21: 0.00014 | D21: 100000 | E21: 8.18e-06
A22: 100000 | B22: 9.33e-06 | G22: Industry Requirments
G23: 0.0001 | H23: =L27 -> 0.00055551181 | I23: in | J23: =L26 -> 0.01411 | K23: mm
A24: service factor for machine performance | E24: 1 | G24: 100000 | H24: =L27 -> 0.00055551181 | I24: in | J24: =L26 -> 0.01411 | K24: mm
A25: (applied only for horizontal amplitude
A26: of vibrations) | G26: velocity limit: | H26: =L26*E28 -> 2.6596723 | I26: mm/sec | J26: related amplitude y'/ w | L26: 0.01411 | M26: mm
H27: =H26/25.4 -> 0.10471151 | I27: in/sec | L27: =L26/25.4 -> 0.00055551181 | M27: in
A28: w motor | C28: 1800 | D28: rpm | E28: =C28*2*PI()/60 -> 188.49556 | F28: rad/sec
A29: w compressor | C29: 1800 | D29: rpm | E29: =C29*2*PI()/60 -> 188.49556 | F29: rad/sec
D32: frequency rpm | I32: amplitude (in)
F33: =G4 -> 1440 | G33: =H4 -> 1800 | H33: =I4 -> 2160 | I33: 1e-06
F34: =G5 -> 1440 | G34: =H5 -> 1800 | H34: =I5 -> 2160 | I34: 0.01
B37: velocity limit for operating | D37: related amplitude y'/ w | H37: velocity limit for malfunction | J37: related amplitude y'/ w
B38: =2.9 -> 2.9 | C38: mm/sec | D38: =B38/E28 -> 0.015384978 | E38: mm | F38: (22 m m ) | H38: 5 | I38: mm/sec | J38: =H38/E28 -> 0.026525824 | K38: mm | L38: (48 m m )
B39: =B38/25.4 -> 0.11417323 | C39: in/sec | D39: =B39/E28 -> 0.00060570779 | E39: in | H39: =H38/25.4 -> 0.19685039 | I39: in/sec | J39: =H39/E28 -> 0.0010443238 | K39: in

Sheet P3_LB
A1: Point 3: At SW Corner
A2: Lower Bound Soil
A3: Pump Operating = 4215 rpm
A4: Frequency (rpm) | B4: Amplitude (m) | F4: Amplitude (in)
B5: x | C5: y | D5: z | F5: x | G5: y | H5: z
A6: 0 | B6: 2.08e-16 | C6: 1.54e-17 | D6: 1.28e-16 | F6: =B6*1000/25.4 -> 8.1889764e-15 | G6: =C6*1000/25.4 -> 6.0629921e-16 | H6: =D6*1000/25.4 -> 5.0393701e-15
A7: 20 | B7: 9.15e-10 | C7: 6.77e-11 | D7: 5.58e-10 | F7: =B7*1000/25.4 -> 3.6023622e-08 | G7: =C7*1000/25.4 -> 2.6653543e-09 | H7: =D7*1000/25.4 -> 2.1968504e-08
A8: 40 | B8: 3.67e-09 | C8: 2.72e-10 | D8: 2.22e-09 | F8: =B8*1000/25.4 -> 1.4448819e-07 | G8: =C8*1000/25.4 -> 1.0708661e-08 | H8: =D8*1000/25.4 -> 8.7401575e-08
A9: 60 | B9: 8.32e-09 | C9: 6.16e-10 | D9: 4.98e-09 | F9: =B9*1000/25.4 -> 3.2755906e-07 | G9: =C9*1000/25.4 -> 2.4251969e-08 | H9: =D9*1000/25.4 -> 1.9606299e-07
A10: 80 | B10: 1.49e-08 | C10: 1.11e-09 | D10: 8.82e-09 | F10: =B10*1000/25.4 -> 5.8661417e-07 | G10: =C10*1000/25.4 -> 4.3700787e-08 | H10: =D10*1000/25.4 -> 3.4724409e-07
A11: 100 | B11: 2.36e-08 | C11: 1.75e-09 | D11: 1.38e-08 | F11: =B11*1000/25.4 -> 9.2913386e-07 | G11: =C11*1000/25.4 -> 6.8897638e-08 | H11: =D11*1000/25.4 -> 5.4330709e-07
A12: 120 | B12: 3.45e-08 | C12: 2.56e-09 | D12: 1.98e-08 | F12: =B12*1000/25.4 -> 1.3582677e-06 | G12: =C12*1000/25.4 -> 1.007874e-07 | H12: =D12*1000/25.4 -> 7.7952756e-07
A13: 140 | B13: 4.78e-08 | C13: 3.55e-09 | D13: 2.71e-08 | F13: =B13*1000/25.4 -> 1.8818898e-06 | G13: =C13*1000/25.4 -> 1.3976378e-07 | H13: =D13*1000/25.4 -> 1.0669291e-06
A14: 160 | B14: 6.37e-08 | C14: 4.73e-09 | D14: 3.58e-08 | F14: =B14*1000/25.4 -> 2.507874e-06 | G14: =C14*1000/25.4 -> 1.8622047e-07 | H14: =D14*1000/25.4 -> 1.4094488e-06
A15: 180 | B15: 8.24e-08 | C15: 6.12e-09 | D15: 4.57e-08 | F15: =B15*1000/25.4 -> 3.2440945e-06 | G15: =C15*1000/25.4 -> 2.4094488e-07 | H15: =D15*1000/25.4 -> 1.7992126e-06
A16: 200 | B16: 1.04e-07 | C16: 7.74e-09 | D16: 5.72e-08 | F16: =B16*1000/25.4 -> 4.0944882e-06 | G16: =C16*1000/25.4 -> 3.0472441e-07 | H16: =D16*1000/25.4 -> 2.2519685e-06
A17: 220 | B17: 1.29e-07 | C17: 9.63e-09 | D17: 7.02e-08 | F17: =B17*1000/25.4 -> 5.0787402e-06 | G17: =C17*1000/25.4 -> 3.7913386e-07 | H17: =D17*1000/25.4 -> 2.7637795e-06
... A126: 2400 | B126: 1.47e-06 | C126: 3.13e-07 | D126: 1.2e-06 | F126: =B126*1000/25.4 -> 5.7874016e-05 | G126: =C126*1000/25.4 -> 1.2322835e-05 | H126: =D126*1000/25.4 -> 4.7244094e-05
A128: (y) max | B128: =MAX(B6:B126) -> 2.96e-06 | C128: =MAX(C6:C126) -> 7.7e-07 | D128: =MAX(D6:D126) -> 1.55e-06 | F128: =MAX(F20:F126) -> 0.00011653543 | G128: =MAX(G20:G126) -> 3.0314961e-05 | H128: =MAX(H20:H126) -> 6.1023622e-05
A129: (y') max | B129: =B128*limits!$E29 -> 0.00055794686 | C129: =C128*limits!$E29 -> 0.00014514158 | D129: =D128*limits!$E29 -> 0.00029216812 | F129: =F128*limits!$E29 -> 0.021966412 | G129: =G128*limits!$E29 -> 0.0057142355 | H129: =H128*limits!$E29 -> 0.011502682

Sheet P4_LB
A1: Point 4: At NW Corner
A2: Lower Bound Soil
A3: Pump Operating = 4215 rpm
A4: Frequency (rpm) | B4: Amplitude (m) | F4: Amplitude (in)
B5: x | C5: y | D5: z | F5: x | G5: y | H5: z
A6: 0 | B6: 1.75e-16 | C6: 1.54e-17 | D6: 1.66e-16 | F6: =B6*1000/25.4 -> 6.8897638e-15 | G6: =C6*1000/25.4 -> 6.0629921e-16 | H6: =D6*1000/25.4 -> 6.5354331e-15
A7: 20 | B7: 7.7e-10 | C7: 6.77e-11 | D7: 7.28e-10 | F7: =B7*1000/25.4 -> 3.0314961e-08 | G7: =C7*1000/25.4 -> 2.6653543e-09 | H7: =D7*1000/25.4 -> 2.8661417e-08
A8: 40 | B8: 3.09e-09 | C8: 2.72e-10 | D8: 2.91e-09 | F8: =B8*1000/25.4 -> 1.2165354e-07 | G8: =C8*1000/25.4 -> 1.0708661e-08 | H8: =D8*1000/25.4 -> 1.1456693e-07
A9: 60 | B9: 7.01e-09 | C9: 6.16e-10 | D9: 6.55e-09 | F9: =B9*1000/25.4 -> 2.7598425e-07 | G9: =C9*1000/25.4 -> 2.4251969e-08 | H9: =D9*1000/25.4 -> 2.5787402e-07
A10: 80 | B10: 1.26e-08 | C10: 1.11e-09 | D10: 1.16e-08 | F10: =B10*1000/25.4 -> 4.9606299e-07 | G10: =C10*1000/25.4 -> 4.3700787e-08 | H10: =D10*1000/25.4 -> 4.5669291e-07
A11: 100 | B11: 2e-08 | C11: 1.75e-09 | D11: 1.82e-08 | F11: =B11*1000/25.4 -> 7.8740157e-07 | G11: =C11*1000/25.4 -> 6.8897638e-08 | H11: =D11*1000/25.4 -> 7.1653543e-07
A12: 120 | B12: 2.92e-08 | C12: 2.56e-09 | D12: 2.63e-08 | F12: =B12*1000/25.4 -> 1.1496063e-06 | G12: =C12*1000/25.4 -> 1.007874e-07 | H12: =D12*1000/25.4 -> 1.0354331e-06
A13: 140 | B13: 4.05e-08 | C13: 3.55e-09 | D13: 3.61e-08 | F13: =B13*1000/25.4 -> 1.5944882e-06 | G13: =C13*1000/25.4 -> 1.3976378e-07 | H13: =D13*1000/25.4 -> 1.4212598e-06
A14: 160 | B14: 5.41e-08 | C14: 4.73e-09 | D14: 4.77e-08 | F14: =B14*1000/25.4 -> 2.1299213e-06 | G14: =C14*1000/25.4 -> 1.8622047e-07 | H14: =D14*1000/25.4 -> 1.8779528e-06
A15: 180 | B15: 7.01e-08 | C15: 6.12e-09 | D15: 6.13e-08 | F15: =B15*1000/25.4 -> 2.7598425e-06 | G15: =C15*1000/25.4 -> 2.4094488e-07 | H15: =D15*1000/25.4 -> 2.4133858e-06
A16: 200 | B16: 8.9e-08 | C16: 7.74e-09 | D16: 7.68e-08 | F16: =B16*1000/25.4 -> 3.503937e-06 | G16: =C16*1000/25.4 -> 3.0472441e-07 | H16: =D16*1000/25.4 -> 3.023622e-06
A17: 220 | B17: 1.11e-07 | C17: 9.63e-09 | D17: 9.46e-08 | F17: =B17*1000/25.4 -> 4.3700787e-06 | G17: =C17*1000/25.4 -> 3.7913386e-07 | H17: =D17*1000/25.4 -> 3.7244094e-06
... A126: 2400 | B126: 2.43e-07 | C126: 3.13e-07 | D126: 1.59e-06 | F126: =B126*1000/25.4 -> 9.5669291e-06 | G126: =C126*1000/25.4 -> 1.2322835e-05 | H126: =D126*1000/25.4 -> 6.2598425e-05
A128: (y) max | B128: =MAX(B6:B126) -> 2.98e-06 | C128: =MAX(C6:C126) -> 7.7e-07 | D128: =MAX(D6:D126) -> 2.18e-06 | F128: =MAX(F20:F126) -> 0.00011732283 | G128: =MAX(G20:G126) -> 3.0314961e-05 | H128: =MAX(H20:H126) -> 8.5826772e-05
A129: (y') max | B129: =B128*limits!$E29 -> 0.00056171677 | C129: =C128*limits!$E29 -> 0.00014514158 | D129: =D128*limits!$E29 -> 0.00041092032 | F129: =F128*limits!$E29 -> 0.022114833 | G129: =G128*limits!$E29 -> 0.0057142355 | H129: =H128*limits!$E29 -> 0.016177965

Sheet P5_LB
A1: Point 5: At NE Corner
A2: Lower Bound Soil
A3: Pump Operating = 4215 rpm
A4: Frequency (rpm) | B4: Amplitude (m) | F4: Amplitude (in)
B5: x | C5: y | D5: z | F5: x | G5: y | H5: z
A6: 0 | B6: 1.75e-16 | C6: 1.55e-17 | D6: 1.7e-16 | F6: =B6*1000/25.4 -> 6.8897638e-15 | G6: =C6*1000/25.4 -> 6.1023622e-16 | H6: =D6*1000/25.4 -> 6.6929134e-15
A7: 20 | B7: 7.7e-10 | C7: 6.81e-11 | D7: 7.47e-10 | F7: =B7*1000/25.4 -> 3.0314961e-08 | G7: =C7*1000/25.4 -> 2.6811024e-09 | H7: =D7*1000/25.4 -> 2.9409449e-08
A8: 40 | B8: 3.09e-09 | C8: 2.74e-10 | D8: 3.01e-09 | F8: =B8*1000/25.4 -> 1.2165354e-07 | G8: =C8*1000/25.4 -> 1.0787402e-08 | H8: =D8*1000/25.4 -> 1.1850394e-07
A9: 60 | B9: 7.01e-09 | C9: 6.21e-10 | D9: 6.84e-09 | F9: =B9*1000/25.4 -> 2.7598425e-07 | G9: =C9*1000/25.4 -> 2.4448819e-08 | H9: =D9*1000/25.4 -> 2.6929134e-07
A10: 80 | B10: 1.26e-08 | C10: 1.12e-09 | D10: 1.23e-08 | F10: =B10*1000/25.4 -> 4.9606299e-07 | G10: =C10*1000/25.4 -> 4.4094488e-08 | H10: =D10*1000/25.4 -> 4.8425197e-07
A11: 100 | B11: 2e-08 | C11: 1.77e-09 | D11: 1.94e-08 | F11: =B11*1000/25.4 -> 7.8740157e-07 | G11: =C11*1000/25.4 -> 6.9685039e-08 | H11: =D11*1000/25.4 -> 7.6377953e-07
A12: 120 | B12: 2.92e-08 | C12: 2.6e-09 | D12: 2.84e-08 | F12: =B12*1000/25.4 -> 1.1496063e-06 | G12: =C12*1000/25.4 -> 1.023622e-07 | H12: =D12*1000/25.4 -> 1.1181102e-06
A13: 140 | B13: 4.05e-08 | C13: 3.62e-09 | D13: 3.94e-08 | F13: =B13*1000/25.4 -> 1.5944882e-06 | G13: =C13*1000/25.4 -> 1.4251969e-07 | H13: =D13*1000/25.4 -> 1.5511811e-06
A14: 160 | B14: 5.41e-08 | C14: 4.84e-09 | D14: 5.26e-08 | F14: =B14*1000/25.4 -> 2.1299213e-06 | G14: =C14*1000/25.4 -> 1.9055118e-07 | H14: =D14*1000/25.4 -> 2.0708661e-06
A15: 180 | B15: 7.01e-08 | C15: 6.29e-09 | D15: 6.82e-08 | F15: =B15*1000/25.4 -> 2.7598425e-06 | G15: =C15*1000/25.4 -> 2.476378e-07 | H15: =D15*1000/25.4 -> 2.6850394e-06
A16: 200 | B16: 8.9e-08 | C16: 8.01e-09 | D16: 8.64e-08 | F16: =B16*1000/25.4 -> 3.503937e-06 | G16: =C16*1000/25.4 -> 3.1535433e-07 | H16: =D16*1000/25.4 -> 3.4015748e-06
A17: 220 | B17: 1.11e-07 | C17: 1e-08 | D17: 1.08e-07 | F17: =B17*1000/25.4 -> 4.3700787e-06 | G17: =C17*1000/25.4 -> 3.9370079e-07 | H17: =D17*1000/25.4 -> 4.2519685e-06
... A126: 2400 | B126: 2.43e-07 | C126: 3.57e-07 | D126: 1.53e-06 | F126: =B126*1000/25.4 -> 9.5669291e-06 | G126: =C126*1000/25.4 -> 1.4055118e-05 | H126: =D126*1000/25.4 -> 6.023622e-05
A128: (y) max | B128: =MAX(B6:B126) -> 2.98e-06 | C128: =MAX(C6:C126) -> 8.54e-07 | D128: =MAX(D6:D126) -> 2.22e-06 | F128: =MAX(F20:F126) -> 0.00011732283 | G128: =MAX(G20:G126) -> 3.3622047e-05 | H128: =MAX(H20:H126) -> 8.7401575e-05
A129: (y') max | B129: =B128*limits!$E29 -> 0.00056171677 | C129: =C128*limits!$E29 -> 0.00016097521 | D129: =D128*limits!$E29 -> 0.00041846014 | F129: =F128*limits!$E29 -> 0.022114833 | G129: =G128*limits!$E29 -> 0.0063376066 | H129: =H128*limits!$E29 -> 0.016474809

Sheet P6_LB
A1: Point 6: At SE Corner
A2: Lower Bound Soil
A3: Pump Operating = 4215 rpm
A4: Frequency (rpm) | B4: Amplitude (m) | F4: Amplitude (in)
B5: x | C5: y | D5: z | F5: x | G5: y | H5: z
A6: 0 | B6: 2.08e-16 | C6: 1.55e-17 | D6: 1.31e-16 | F6: =B6*1000/25.4 -> 8.1889764e-15 | G6: =C6*1000/25.4 -> 6.1023622e-16 | H6: =D6*1000/25.4 -> 5.1574803e-15
A7: 20 | B7: 9.15e-10 | C7: 6.81e-11 | D7: 5.8e-10 | F7: =B7*1000/25.4 -> 3.6023622e-08 | G7: =C7*1000/25.4 -> 2.6811024e-09 | H7: =D7*1000/25.4 -> 2.2834646e-08
A8: 40 | B8: 3.67e-09 | C8: 2.74e-10 | D8: 2.34e-09 | F8: =B8*1000/25.4 -> 1.4448819e-07 | G8: =C8*1000/25.4 -> 1.0787402e-08 | H8: =D8*1000/25.4 -> 9.2125984e-08
A9: 60 | B9: 8.32e-09 | C9: 6.21e-10 | D9: 5.34e-09 | F9: =B9*1000/25.4 -> 3.2755906e-07 | G9: =C9*1000/25.4 -> 2.4448819e-08 | H9: =D9*1000/25.4 -> 2.1023622e-07
A10: 80 | B10: 1.49e-08 | C10: 1.12e-09 | D10: 9.63e-09 | F10: =B10*1000/25.4 -> 5.8661417e-07 | G10: =C10*1000/25.4 -> 4.4094488e-08 | H10: =D10*1000/25.4 -> 3.7913386e-07
A11: 100 | B11: 2.36e-08 | C11: 1.77e-09 | D11: 1.53e-08 | F11: =B11*1000/25.4 -> 9.2913386e-07 | G11: =C11*1000/25.4 -> 6.9685039e-08 | H11: =D11*1000/25.4 -> 6.023622e-07
A12: 120 | B12: 3.45e-08 | C12: 2.6e-09 | D12: 2.24e-08 | F12: =B12*1000/25.4 -> 1.3582677e-06 | G12: =C12*1000/25.4 -> 1.023622e-07 | H12: =D12*1000/25.4 -> 8.8188976e-07
A13: 140 | B13: 4.78e-08 | C13: 3.62e-09 | D13: 3.12e-08 | F13: =B13*1000/25.4 -> 1.8818898e-06 | G13: =C13*1000/25.4 -> 1.4251969e-07 | H13: =D13*1000/25.4 -> 1.2283465e-06
A14: 160 | B14: 6.37e-08 | C14: 4.84e-09 | D14: 4.19e-08 | F14: =B14*1000/25.4 -> 2.507874e-06 | G14: =C14*1000/25.4 -> 1.9055118e-07 | H14: =D14*1000/25.4 -> 1.6496063e-06
A15: 180 | B15: 8.24e-08 | C15: 6.29e-09 | D15: 5.45e-08 | F15: =B15*1000/25.4 -> 3.2440945e-06 | G15: =C15*1000/25.4 -> 2.476378e-07 | H15: =D15*1000/25.4 -> 2.1456693e-06
A16: 200 | B16: 1.04e-07 | C16: 8.01e-09 | D16: 6.93e-08 | F16: =B16*1000/25.4 -> 4.0944882e-06 | G16: =C16*1000/25.4 -> 3.1535433e-07 | H16: =D16*1000/25.4 -> 2.7283465e-06
A17: 220 | B17: 1.29e-07 | C17: 1e-08 | D17: 8.67e-08 | F17: =B17*1000/25.4 -> 5.0787402e-06 | G17: =C17*1000/25.4 -> 3.9370079e-07 | H17: =D17*1000/25.4 -> 3.4133858e-06
... A126: 2400 | B126: 1.47e-06 | C126: 3.57e-07 | D126: 1.16e-06 | F126: =B126*1000/25.4 -> 5.7874016e-05 | G126: =C126*1000/25.4 -> 1.4055118e-05 | H126: =D126*1000/25.4 -> 4.5669291e-05
A128: (y) max | B128: =MAX(B6:B126) -> 2.96e-06 | C128: =MAX(C6:C126) -> 8.54e-07 | D128: =MAX(D6:D126) -> 1.83e-06 | F128: =MAX(F20:F126) -> 0.00011653543 | G128: =MAX(G20:G126) -> 3.3622047e-05 | H128: =MAX(H20:H126) -> 7.2047244e-05
A129: (y') max | B129: =B128*limits!$E29 -> 0.00055794686 | C129: =C128*limits!$E29 -> 0.00016097521 | D129: =D128*limits!$E29 -> 0.00034494687 | F129: =F128*limits!$E29 -> 0.021966412 | G129: =G128*limits!$E29 -> 0.0063376066 | H129: =H128*limits!$E29 -> 0.013580586

Sheet P3_UB
A1: Point 3: At SW Corner
A2: Upper Bound Soil
A3: Pump Operating = 4215 rpm
A4: Frequency (rpm) | B4: Amplitude (m) | F4: Amplitude (in)
B5: x | C5: y | D5: z | F5: x | G5: y | H5: z
A6: 0 | B6: 1.03e-16 | C6: 7.75e-18 | D6: 6.02e-17 | F6: =B6*1000/25.4 -> 4.0551181e-15 | G6: =C6*1000/25.4 -> 3.0511811e-16 | H6: =D6*1000/25.4 -> 2.3700787e-15
A7: 20 | B7: 4.51e-10 | C7: 3.4e-11 | D7: 2.63e-10 | F7: =B7*1000/25.4 -> 1.7755906e-08 | G7: =C7*1000/25.4 -> 1.3385827e-09 | H7: =D7*1000/25.4 -> 1.0354331e-08
A8: 40 | B8: 1.81e-09 | C8: 1.36e-10 | D8: 1.05e-09 | F8: =B8*1000/25.4 -> 7.1259843e-08 | G8: =C8*1000/25.4 -> 5.3543307e-09 | H8: =D8*1000/25.4 -> 4.1338583e-08
A9: 60 | B9: 4.08e-09 | C9: 3.07e-10 | D9: 2.36e-09 | F9: =B9*1000/25.4 -> 1.6062992e-07 | G9: =C9*1000/25.4 -> 1.2086614e-08 | H9: =D9*1000/25.4 -> 9.2913386e-08
A10: 80 | B10: 7.28e-09 | C10: 5.49e-10 | D10: 4.2e-09 | F10: =B10*1000/25.4 -> 2.8661417e-07 | G10: =C10*1000/25.4 -> 2.1614173e-08 | H10: =D10*1000/25.4 -> 1.6535433e-07
A11: 100 | B11: 1.15e-08 | C11: 8.63e-10 | D11: 6.55e-09 | F11: =B11*1000/25.4 -> 4.5275591e-07 | G11: =C11*1000/25.4 -> 3.3976378e-08 | H11: =D11*1000/25.4 -> 2.5787402e-07
A12: 120 | B12: 1.66e-08 | C12: 1.25e-09 | D12: 9.43e-09 | F12: =B12*1000/25.4 -> 6.5354331e-07 | G12: =C12*1000/25.4 -> 4.9212598e-08 | H12: =D12*1000/25.4 -> 3.7125984e-07
A13: 140 | B13: 2.28e-08 | C13: 1.72e-09 | D13: 1.29e-08 | F13: =B13*1000/25.4 -> 8.976378e-07 | G13: =C13*1000/25.4 -> 6.7716535e-08 | H13: =D13*1000/25.4 -> 5.0787402e-07
A14: 160 | B14: 3.01e-08 | C14: 2.26e-09 | D14: 1.68e-08 | F14: =B14*1000/25.4 -> 1.1850394e-06 | G14: =C14*1000/25.4 -> 8.8976378e-08 | H14: =D14*1000/25.4 -> 6.6141732e-07
A15: 180 | B15: 3.85e-08 | C15: 2.89e-09 | D15: 2.14e-08 | F15: =B15*1000/25.4 -> 1.515748e-06 | G15: =C15*1000/25.4 -> 1.1377953e-07 | H15: =D15*1000/25.4 -> 8.4251969e-07
A16: 200 | B16: 4.81e-08 | C16: 3.62e-09 | D16: 2.66e-08 | F16: =B16*1000/25.4 -> 1.8937008e-06 | G16: =C16*1000/25.4 -> 1.4251969e-07 | H16: =D16*1000/25.4 -> 1.0472441e-06
A17: 220 | B17: 5.9e-08 | C17: 4.43e-09 | D17: 3.24e-08 | F17: =B17*1000/25.4 -> 2.3228346e-06 | G17: =C17*1000/25.4 -> 1.7440945e-07 | H17: =D17*1000/25.4 -> 1.2755906e-06
... A126: 2400 | B126: 1.76e-06 | C126: 4.39e-07 | D126: 1.39e-06 | F126: =B126*1000/25.4 -> 6.9291339e-05 | G126: =C126*1000/25.4 -> 1.7283465e-05 | H126: =D126*1000/25.4 -> 5.4724409e-05
A128: (y) max | B128: =MAX(B6:B126) -> 3.03e-06 | C128: =MAX(C6:C126) -> 7.59e-07 | D128: =MAX(D6:D126) -> 1.68e-06 | F128: =MAX(F20:F126) -> 0.00011929134 | G128: =MAX(G20:G126) -> 2.988189e-05 | H128: =MAX(H20:H126) -> 6.6141732e-05
A129: (y') max | B129: =B128*limits!$E29 -> 0.00057114154 | C129: =C128*limits!$E29 -> 0.00014306813 | D129: =D128*limits!$E29 -> 0.00031667254 | F129: =F128*limits!$E29 -> 0.022485888 | G129: =G128*limits!$E29 -> 0.0056326035 | H129: =H128*limits!$E29 -> 0.012467423

Sheet P4_UB
A1: Point 4: At NW Corner
A2: Upper Bound Soil
A3: Pump Operating = 4215 rpm
A4: Frequency (rpm) | B4: Amplitude (m) | F4: Amplitude (in)
B5: x | C5: y | D5: z | F5: x | G5: y | H5: z
A6: 0 | B6: 8.43e-17 | C6: 7.75e-18 | D6: 7.66e-17 | F6: =B6*1000/25.4 -> 3.3188976e-15 | G6: =C6*1000/25.4 -> 3.0511811e-16 | H6: =D6*1000/25.4 -> 3.015748e-15
A7: 20 | B7: 3.7e-10 | C7: 3.4e-11 | D7: 3.36e-10 | F7: =B7*1000/25.4 -> 1.4566929e-08 | G7: =C7*1000/25.4 -> 1.3385827e-09 | H7: =D7*1000/25.4 -> 1.3228346e-08
A8: 40 | B8: 1.48e-09 | C8: 1.36e-10 | D8: 1.34e-09 | F8: =B8*1000/25.4 -> 5.8267717e-08 | G8: =C8*1000/25.4 -> 5.3543307e-09 | H8: =D8*1000/25.4 -> 5.2755906e-08
A9: 60 | B9: 3.35e-09 | C9: 3.07e-10 | D9: 3.02e-09 | F9: =B9*1000/25.4 -> 1.3188976e-07 | G9: =C9*1000/25.4 -> 1.2086614e-08 | H9: =D9*1000/25.4 -> 1.1889764e-07
A10: 80 | B10: 5.98e-09 | C10: 5.49e-10 | D10: 5.37e-09 | F10: =B10*1000/25.4 -> 2.3543307e-07 | G10: =C10*1000/25.4 -> 2.1614173e-08 | H10: =D10*1000/25.4 -> 2.1141732e-07
A11: 100 | B11: 9.41e-09 | C11: 8.63e-10 | D11: 8.39e-09 | F11: =B11*1000/25.4 -> 3.7047244e-07 | G11: =C11*1000/25.4 -> 3.3976378e-08 | H11: =D11*1000/25.4 -> 3.3031496e-07
A12: 120 | B12: 1.37e-08 | C12: 1.25e-09 | D12: 1.21e-08 | F12: =B12*1000/25.4 -> 5.3937008e-07 | G12: =C12*1000/25.4 -> 4.9212598e-08 | H12: =D12*1000/25.4 -> 4.7637795e-07
A13: 140 | B13: 1.88e-08 | C13: 1.72e-09 | D13: 1.65e-08 | F13: =B13*1000/25.4 -> 7.4015748e-07 | G13: =C13*1000/25.4 -> 6.7716535e-08 | H13: =D13*1000/25.4 -> 6.496063e-07
A14: 160 | B14: 2.48e-08 | C14: 2.26e-09 | D14: 2.17e-08 | F14: =B14*1000/25.4 -> 9.7637795e-07 | G14: =C14*1000/25.4 -> 8.8976378e-08 | H14: =D14*1000/25.4 -> 8.5433071e-07
A15: 180 | B15: 3.18e-08 | C15: 2.89e-09 | D15: 2.76e-08 | F15: =B15*1000/25.4 -> 1.2519685e-06 | G15: =C15*1000/25.4 -> 1.1377953e-07 | H15: =D15*1000/25.4 -> 1.0866142e-06
A16: 200 | B16: 3.98e-08 | C16: 3.62e-09 | D16: 3.43e-08 | F16: =B16*1000/25.4 -> 1.5669291e-06 | G16: =C16*1000/25.4 -> 1.4251969e-07 | H16: =D16*1000/25.4 -> 1.3503937e-06
A17: 220 | B17: 4.89e-08 | C17: 4.43e-09 | D17: 4.19e-08 | F17: =B17*1000/25.4 -> 1.9251969e-06 | G17: =C17*1000/25.4 -> 1.7440945e-07 | H17: =D17*1000/25.4 -> 1.6496063e-06
... A126: 2400 | B126: 4.84e-07 | C126: 4.39e-07 | D126: 1.76e-06 | F126: =B126*1000/25.4 -> 1.9055118e-05 | G126: =C126*1000/25.4 -> 1.7283465e-05 | H126: =D126*1000/25.4 -> 6.9291339e-05
A128: (y) max | B128: =MAX(B6:B126) -> 3.05e-06 | C128: =MAX(C6:C126) -> 7.59e-07 | D128: =MAX(D6:D126) -> 2.27e-06 | F128: =MAX(F20:F126) -> 0.00012007874 | G128: =MAX(G20:G126) -> 2.988189e-05 | H128: =MAX(H20:H126) -> 8.9370079e-05
A129: (y') max | B129: =B128*limits!$E29 -> 0.00057491146 | C129: =C128*limits!$E29 -> 0.00014306813 | D129: =D128*limits!$E29 -> 0.00042788492 | F129: =F128*limits!$E29 -> 0.022634309 | G129: =G128*limits!$E29 -> 0.0056326035 | H129: =H128*limits!$E29 -> 0.016845863

Sheet P5_UB
A1: Point 5: At NE Corner
A2: Upper Bound Soil
A3: Pump Operating = 4215 rpm
A4: Frequency (rpm) | B4: Amplitude (m) | F4: Amplitude (in)
B5: x | C5: y | D5: z | F5: x | G5: y | H5: z
A6: 0 | B6: 8.43e-17 | C6: 7.8e-18 | D6: 7.82e-17 | F6: =B6*1000/25.4 -> 3.3188976e-15 | G6: =C6*1000/25.4 -> 3.0708661e-16 | H6: =D6*1000/25.4 -> 3.0787402e-15
A7: 20 | B7: 3.7e-10 | C7: 3.42e-11 | D7: 3.44e-10 | F7: =B7*1000/25.4 -> 1.4566929e-08 | G7: =C7*1000/25.4 -> 1.3464567e-09 | H7: =D7*1000/25.4 -> 1.3543307e-08
A8: 40 | B8: 1.48e-09 | C8: 1.37e-10 | D8: 1.38e-09 | F8: =B8*1000/25.4 -> 5.8267717e-08 | G8: =C8*1000/25.4 -> 5.3937008e-09 | H8: =D8*1000/25.4 -> 5.4330709e-08
A9: 60 | B9: 3.35e-09 | C9: 3.1e-10 | D9: 3.11e-09 | F9: =B9*1000/25.4 -> 1.3188976e-07 | G9: =C9*1000/25.4 -> 1.2204724e-08 | H9: =D9*1000/25.4 -> 1.2244094e-07
A10: 80 | B10: 5.98e-09 | C10: 5.54e-10 | D10: 5.56e-09 | F10: =B10*1000/25.4 -> 2.3543307e-07 | G10: =C10*1000/25.4 -> 2.1811024e-08 | H10: =D10*1000/25.4 -> 2.1889764e-07
A11: 100 | B11: 9.41e-09 | C11: 8.72e-10 | D11: 8.75e-09 | F11: =B11*1000/25.4 -> 3.7047244e-07 | G11: =C11*1000/25.4 -> 3.4330709e-08 | H11: =D11*1000/25.4 -> 3.4448819e-07
A12: 120 | B12: 1.37e-08 | C12: 1.27e-09 | D12: 1.27e-08 | F12: =B12*1000/25.4 -> 5.3937008e-07 | G12: =C12*1000/25.4 -> 5e-08 | H12: =D12*1000/25.4 -> 5e-07
A13: 140 | B13: 1.88e-08 | C13: 1.74e-09 | D13: 1.74e-08 | F13: =B13*1000/25.4 -> 7.4015748e-07 | G13: =C13*1000/25.4 -> 6.8503937e-08 | H13: =D13*1000/25.4 -> 6.8503937e-07
A14: 160 | B14: 2.48e-08 | C14: 2.3e-09 | D14: 2.3e-08 | F14: =B14*1000/25.4 -> 9.7637795e-07 | G14: =C14*1000/25.4 -> 9.0551181e-08 | H14: =D14*1000/25.4 -> 9.0551181e-07
A15: 180 | B15: 3.18e-08 | C15: 2.95e-09 | D15: 2.94e-08 | F15: =B15*1000/25.4 -> 1.2519685e-06 | G15: =C15*1000/25.4 -> 1.1614173e-07 | H15: =D15*1000/25.4 -> 1.1574803e-06
A16: 200 | B16: 3.98e-08 | C16: 3.69e-09 | D16: 3.68e-08 | F16: =B16*1000/25.4 -> 1.5669291e-06 | G16: =C16*1000/25.4 -> 1.4527559e-07 | H16: =D16*1000/25.4 -> 1.4488189e-06
A17: 220 | B17: 4.89e-08 | C17: 4.53e-09 | D17: 4.52e-08 | F17: =B17*1000/25.4 -> 1.9251969e-06 | G17: =C17*1000/25.4 -> 1.7834646e-07 | H17: =D17*1000/25.4 -> 1.7795276e-06
... A126: 2400 | B126: 4.84e-07 | C126: 5.26e-07 | D126: 1.8e-06 | F126: =B126*1000/25.4 -> 1.9055118e-05 | G126: =C126*1000/25.4 -> 2.0708661e-05 | H126: =D126*1000/25.4 -> 7.0866142e-05
A128: (y) max | B128: =MAX(B6:B126) -> 3.05e-06 | C128: =MAX(C6:C126) -> 8.74e-07 | D128: =MAX(D6:D126) -> 2.26e-06 | F128: =MAX(F20:F126) -> 0.00012007874 | G128: =MAX(G20:G126) -> 3.4409449e-05 | H128: =MAX(H20:H126) -> 8.8976378e-05
A129: (y') max | B129: =B128*limits!$E29 -> 0.00057491146 | C129: =C128*limits!$E29 -> 0.00016474512 | D129: =D128*limits!$E29 -> 0.00042599996 | F129: =F128*limits!$E29 -> 0.022634309 | G129: =G128*limits!$E29 -> 0.0064860283 | H129: =H128*limits!$E29 -> 0.016771652

Sheet P6_UB
A1: Point 6: At SE Corner
A2: Upper Bound Soil
A3: Pump Operating = 4215 rpm
A4: Frequency (rpm) | B4: Amplitude (m) | F4: Amplitude (in)
B5: x | C5: y | D5: z | F5: x | G5: y | H5: z
A6: 0 | B6: 1.03e-16 | C6: 7.8e-18 | D6: 6.18e-17 | F6: =B6*1000/25.4 -> 4.0551181e-15 | G6: =C6*1000/25.4 -> 3.0708661e-16 | H6: =D6*1000/25.4 -> 2.4330709e-15
A7: 20 | B7: 4.51e-10 | C7: 3.42e-11 | D7: 2.72e-10 | F7: =B7*1000/25.4 -> 1.7755906e-08 | G7: =C7*1000/25.4 -> 1.3464567e-09 | H7: =D7*1000/25.4 -> 1.0708661e-08
A8: 40 | B8: 1.81e-09 | C8: 1.37e-10 | D8: 1.09e-09 | F8: =B8*1000/25.4 -> 7.1259843e-08 | G8: =C8*1000/25.4 -> 5.3937008e-09 | H8: =D8*1000/25.4 -> 4.2913386e-08
A9: 60 | B9: 4.08e-09 | C9: 3.1e-10 | D9: 2.47e-09 | F9: =B9*1000/25.4 -> 1.6062992e-07 | G9: =C9*1000/25.4 -> 1.2204724e-08 | H9: =D9*1000/25.4 -> 9.7244094e-08
A10: 80 | B10: 7.28e-09 | C10: 5.54e-10 | D10: 4.42e-09 | F10: =B10*1000/25.4 -> 2.8661417e-07 | G10: =C10*1000/25.4 -> 2.1811024e-08 | H10: =D10*1000/25.4 -> 1.7401575e-07
A11: 100 | B11: 1.15e-08 | C11: 8.72e-10 | D11: 6.97e-09 | F11: =B11*1000/25.4 -> 4.5275591e-07 | G11: =C11*1000/25.4 -> 3.4330709e-08 | H11: =D11*1000/25.4 -> 2.7440945e-07
A12: 120 | B12: 1.66e-08 | C12: 1.27e-09 | D12: 1.01e-08 | F12: =B12*1000/25.4 -> 6.5354331e-07 | G12: =C12*1000/25.4 -> 5e-08 | H12: =D12*1000/25.4 -> 3.976378e-07
A13: 140 | B13: 2.28e-08 | C13: 1.74e-09 | D13: 1.4e-08 | F13: =B13*1000/25.4 -> 8.976378e-07 | G13: =C13*1000/25.4 -> 6.8503937e-08 | H13: =D13*1000/25.4 -> 5.511811e-07
A14: 160 | B14: 3.01e-08 | C14: 2.3e-09 | D14: 1.84e-08 | F14: =B14*1000/25.4 -> 1.1850394e-06 | G14: =C14*1000/25.4 -> 9.0551181e-08 | H14: =D14*1000/25.4 -> 7.2440945e-07
A15: 180 | B15: 3.85e-08 | C15: 2.95e-09 | D15: 2.36e-08 | F15: =B15*1000/25.4 -> 1.515748e-06 | G15: =C15*1000/25.4 -> 1.1614173e-07 | H15: =D15*1000/25.4 -> 9.2913386e-07
A16: 200 | B16: 4.81e-08 | C16: 3.69e-09 | D16: 2.96e-08 | F16: =B16*1000/25.4 -> 1.8937008e-06 | G16: =C16*1000/25.4 -> 1.4527559e-07 | H16: =D16*1000/25.4 -> 1.1653543e-06
A17: 220 | B17: 5.9e-08 | C17: 4.53e-09 | D17: 3.64e-08 | F17: =B17*1000/25.4 -> 2.3228346e-06 | G17: =C17*1000/25.4 -> 1.7834646e-07 | H17: =D17*1000/25.4 -> 1.4330709e-06
... A126: 2400 | B126: 1.76e-06 | C126: 5.26e-07 | D126: 1.46e-06 | F126: =B126*1000/25.4 -> 6.9291339e-05 | G126: =C126*1000/25.4 -> 2.0708661e-05 | H126: =D126*1000/25.4 -> 5.7480315e-05
A128: (y) max | B128: =MAX(B6:B126) -> 3.03e-06 | C128: =MAX(C6:C126) -> 8.74e-07 | D128: =MAX(D6:D126) -> 1.75e-06 | F128: =MAX(F20:F126) -> 0.00011929134 | G128: =MAX(G20:G126) -> 3.4409449e-05 | H128: =MAX(H20:H126) -> 6.8897638e-05
A129: (y') max | B129: =B128*limits!$E29 -> 0.00057114154 | C129: =C128*limits!$E29 -> 0.00016474512 | D129: =D128*limits!$E29 -> 0.00032986723 | F129: =F128*limits!$E29 -> 0.022485888 | G129: =G128*limits!$E29 -> 0.0064860283 | H129: =H128*limits!$E29 -> 0.012986899
